VALUE_GATE: {'trade_allowed': True, 'risk': 0.31783310628125605, 'reward': 1.504317117472823, 'rr': 4.733040982022894}
VALUE_GATE: {'trade_allowed': True, 'risk': 0.3226115200000095, 'reward': 1.452136103104948, 'rr': 4.501191101622488}
VALUE_GATE: {'trade_allowed': True, 'risk': 0.32689887999998746, 'reward': 1.4756543981091284, 'rr': 4.51410050138191}
VALUE_GATE: {'trade_allowed': True, 'risk': 0.3272192000000018, 'reward': 1.5079686777136487, 'rr': 4.608435806070183}
VALUE_GATE: {'trade_allowed': True, 'risk': 0.32734239999999204, 'reward': 1.5206618243214223, 'rr': 4.645477714837611}
VALUE_GATE: {'trade_allowed': True, 'risk': 0.3274409599999899, 'reward': 1.54895116622356, 'rr': 4.730474667016637}
VALUE_GATE: {'trade_allowed': True, 'risk': 0.3265292799999884, 'reward': 1.4917176202946507, 'rr': 4.568403851240244}
VALUE_GATE: {'trade_allowed': True, 'risk': 0.325519039999989, 'reward': 1.479804111662986, 'rr': 4.545983275396229}
VALUE_GATE: {'trade_allowed': True, 'risk': 0.3617662526576737, 'reward': 1.3354984369932765, 'rr': 3.6916059117792015}
VALUE_GATE: {'trade_allowed': True, 'risk': 0.3207388799999933, 'reward': 1.4352041017948807, 'rr': 4.474680780187643}
VALUE_GATE: {'trade_allowed': True, 'risk': 0.32524799999998777, 'reward': 1.4926239190623107, 'rr': 4.589187078974711}
VALUE_GATE: {'trade_allowed': True, 'risk': 0.3246566400000006, 'reward': 1.5113780717333611, 'rr': 4.655312368579181}
VALUE_GATE: {'trade_allowed': True, 'risk': 0.32877152000000365, 'reward': 1.5257616651407488, 'rr': 4.64079633522007}
VALUE_GATE: {'trade_allowed': True, 'risk': 0.3315312000000006, 'reward': 1.4536811732695583, 'rr': 4.384749228035116}
VALUE_GATE: {'trade_allowed': True, 'risk': 0.3298063999999954, 'reward': 1.3666823361736533, 'rr': 4.143892708491019}
VALUE_GATE: {'trade_allowed': True, 'risk': 0.3308905600000003, 'reward': 1.3639866498145068, 'rr': 4.122168519447958}
VALUE_GATE: {'trade_allowed': True, 'risk': 0.32739199583642176, 'reward': 1.4872289001558556, 'rr': 4.54265504065327}
VALUE_GATE: {'trade_allowed': True, 'risk': 0.3291657599999951, 'reward': 1.4616731781051158, 'rr': 4.4405383418528634}
VALUE_GATE: {'trade_allowed': True, 'risk': 0.33332992000001127, 'reward': 1.4990581453314746, 'rr': 4.497220487532064}
VALUE_GATE: {'trade_allowed': True, 'risk': 0.3270116996813499, 'reward': 1.4805644629279584, 'rr': 4.527558079330694}
VALUE_GATE: {'trade_allowed': True, 'risk': 0.511269045864509, 'reward': 1.3679266651860758, 'rr': 2.675551505123955}
VALUE_GATE: {'trade_allowed': True, 'risk': 0.33034847999999783, 'reward': 1.3609811261450488, 'rr': 4.119834685314907}
VALUE_GATE: {'trade_allowed': True, 'risk': 0.3300774399999966, 'reward': 1.3628125741348924, 'rr': 4.128766189336982}
VALUE_GATE: {'trade_allowed': True, 'risk': 0.5959097536112665, 'reward': 1.396335103463855, 'rr': 2.3431989407824574}
VALUE_GATE: {'trade_allowed': True, 'risk': 0.3374447999999859, 'reward': 1.4905002141454702, 'rr': 4.417019358856715}
VALUE_GATE: {'trade_allowed': True, 'risk': 0.33468511999998896, 'reward': 1.509096548853904, 'rr': 4.509004012051548}
VALUE_GATE: {'trade_allowed': True, 'risk': 0.33411839999999415, 'reward': 1.5141156892354957, 'rr': 4.531674068939401}
VALUE_GATE: {'trade_allowed': True, 'risk': 0.33384735999999293, 'reward': 1.5530688925662446, 'rr': 4.652032870849353}
VALUE_GATE: {'trade_allowed': True, 'risk': 0.3343155199999899, 'reward': 1.4712815642145642, 'rr': 4.400877243792357}
VALUE_GATE: {'trade_allowed': True, 'risk': 0.33355167999999935, 'reward': 1.3770908916338556, 'rr': 4.128568297523965}
VALUE_GATE: {'trade_allowed': True, 'risk': 0.3675036879686786, 'reward': 1.466730469052976, 'rr': 3.991063265677981}
VALUE_GATE: {'trade_allowed': True, 'risk': 0.33177760000000944, 'reward': 1.4775385866776958, 'rr': 4.4534006716476755}
VALUE_GATE: {'trade_allowed': True, 'risk': 0.33291103999999905, 'reward': 1.3837625304562948, 'rr': 4.156553445798309}
VALUE_GATE: {'trade_allowed': True, 'risk': 0.33604031999999506, 'reward': 1.549144076287888, 'rr': 4.6099946467373645}
VALUE_GATE: {'trade_allowed': True, 'risk': 0.7156446748472831, 'reward': 1.512458269938321, 'rr': 2.1134207003791037}
VALUE_GATE: {'trade_allowed': True, 'risk': 0.3400073599999871, 'reward': 1.4111988875641543, 'rr': 4.150495117412188}
VALUE_GATE: {'trade_allowed': True, 'risk': 0.34227423999999473, 'reward': 1.5909608149875112, 'rr': 4.648204945214503}
VALUE_GATE: {'trade_allowed': True, 'risk': 0.34160896000000207, 'reward': 1.5286771894409128, 'rr': 4.474932945086989}
VALUE_GATE: {'trade_allowed': True, 'risk': 0.33840576000000056, 'reward': 1.385901951018468, 'rr': 4.095385229313076}
VALUE_GATE: {'trade_allowed': True, 'risk': 0.35970260479999183, 'reward': 1.4857290823701703, 'rr': 4.130437373941986}
VALUE_GATE: {'trade_allowed': True, 'risk': 0.34318591999999626, 'reward': 1.51110141115808, 'rr': 4.403156782067565}
VALUE_GATE: {'trade_allowed': True, 'risk': 0.339095680000014, 'reward': 1.4019750775987632, 'rr': 4.134452782172587}
VALUE_GATE: {'trade_allowed': True, 'risk': 0.336516687482316, 'reward': 1.5157315772240736, 'rr': 4.504179535832753}
VALUE_GATE: {'trade_allowed': True, 'risk': 0.3437279999999987, 'reward': 1.5664948896198325, 'rr': 4.5573677140641395}
VALUE_GATE: {'trade_allowed': True, 'risk': 0.34242208000000574, 'reward': 1.409840347620161, 'rr': 4.117258874252903}
VALUE_GATE: {'trade_allowed': True, 'risk': 0.47792910026504387, 'reward': 1.5797175955767386, 'rr': 3.3053387933496388}
VALUE_GATE: {'trade_allowed': True, 'risk': 0.9595713735837137, 'reward': 1.4494016491261164, 'rr': 1.5104677870005982}
VALUE_GATE: {'trade_allowed': True, 'risk': 0.8199710352837712, 'reward': 1.431291093613254, 'rr': 1.7455386007847462}
VALUE_GATE: {'trade_allowed': True, 'risk': 0.34121472000001063, 'reward': 1.4273920482174276, 'rr': 4.183266326310258}
VALUE_GATE: {'trade_allowed': True, 'risk': 0.50995551978815, 'reward': 1.411023561805763, 'rr': 2.7669541892436857}
VALUE_GATE: {'trade_allowed': True, 'risk': 0.3396624000000088, 'reward': 1.5684896196152067, 'rr': 4.61778995736698}
VALUE_GATE: {'trade_allowed': True, 'risk': 0.519792801749503, 'reward': 1.6320669030585009, 'rr': 3.139841293618032}
VALUE_GATE: {'trade_allowed': True, 'risk': 1.3000519999999938, 'reward': 3.120759350795737, 'rr': 2.4004880964728734}
VALUE_GATE: {'trade_allowed': True, 'risk': 0.34103721884466154, 'reward': 1.538065089844764, 'rr': 4.509962563779101}
VALUE_GATE: {'trade_allowed': True, 'risk': 0.3413132800000085, 'reward': 1.4826943755087711, 'rr': 4.3440863933238525}
VALUE_GATE: {'trade_allowed': True, 'risk': 0.33904640000000086, 'reward': 1.5513650325307538, 'rr': 4.575671744430113}
VALUE_GATE: {'trade_allowed': True, 'risk': 0.332163319484863, 'reward': 1.3847140537651512, 'rr': 4.168774733804567}
VALUE_GATE: {'trade_allowed': True, 'risk': 0.33305129097067265, 'reward': 1.3860660605072326, 'rr': 4.161719525144506}
VALUE_GATE: {'trade_allowed': True, 'risk': 0.5059414452313149, 'reward': 1.3820855513615982, 'rr': 2.731710486239594}
VALUE_GATE: {'trade_allowed': True, 'risk': 0.3351040000000012, 'reward': 1.5145136985095746, 'rr': 4.519533334456077}
VALUE_GATE: {'trade_allowed': True, 'risk': 0.4633662221859538, 'reward': 1.5098167601435648, 'rr': 3.258366035014221}
VALUE_GATE: {'trade_allowed': True, 'risk': 0.3380115200000091, 'reward': 1.534134635499953, 'rr': 4.538705176379525}
VALUE_GATE: {'trade_allowed': True, 'risk': 0.334512640000014, 'reward': 1.4852039426327508, 'rr': 4.439903803433821}
VALUE_GATE: {'trade_allowed': True, 'risk': 0.3323689599999966, 'reward': 1.4780280952732312, 'rr': 4.446949845356336}
VALUE_GATE: {'trade_allowed': True, 'risk': 0.39878845181257816, 'reward': 1.3629981373232454, 'rr': 3.417847560851197}
VALUE_GATE: {'trade_allowed': True, 'risk': 0.3883844105283174, 'reward': 1.4946726740573126, 'rr': 3.848436326329671}
VALUE_GATE: {'trade_allowed': True, 'risk': 0.7303998874594129, 'reward': 1.5889118388343775, 'rr': 2.1753998954752998}
VALUE_GATE: {'trade_allowed': True, 'risk': 0.33998271999999474, 'reward': 1.5622798220165919, 'rr': 4.595174195960948}
VALUE_GATE: {'trade_allowed': True, 'risk': 0.3296239782269197, 'reward': 1.494154587530545, 'rr': 4.532906239308657}
VALUE_GATE: {'trade_allowed': True, 'risk': 0.3400073599999871, 'reward': 1.5493688031683917, 'rr': 4.556868425343647}
VALUE_GATE: {'trade_allowed': True, 'risk': 0.3448860800000091, 'reward': 1.5170952901101202, 'rr': 4.398830158961708}
VALUE_GATE: {'trade_allowed': True, 'risk': 0.34160896000000207, 'reward': 1.4092105688014556, 'rr': 4.125215476787983}
VALUE_GATE: {'trade_allowed': True, 'risk': 0.34212640000001215, 'reward': 1.6018320693455905, 'rr': 4.681989081653838}
VALUE_GATE: {'trade_allowed': True, 'risk': 0.5177817901609387, 'reward': 1.5050533412815241, 'rr': 2.9067328551931464}
VALUE_GATE: {'trade_allowed': True, 'risk': 0.3444425600000045, 'reward': 1.4278341951734603, 'rr': 4.145347761825489}
VALUE_GATE: {'trade_allowed': True, 'risk': 0.6295650698186819, 'reward': 1.4169972663396209, 'rr': 2.250755853954419}
VALUE_GATE: {'trade_allowed': True, 'risk': 0.6472235846148635, 'reward': 1.5677998468462704, 'rr': 2.422346595696454}
VALUE_GATE: {'trade_allowed': True, 'risk': 0.40532240565866573, 'reward': 1.5735438303053115, 'rr': 3.8822029286741193}
VALUE_GATE: {'trade_allowed': True, 'risk': 1.2258175623313434, 'reward': 2.9874467406362157, 'rr': 2.4371055142614253}
VALUE_GATE: {'trade_allowed': True, 'risk': 0.3806228663808895, 'reward': 1.381274708502076, 'rr': 3.6289850939219024}
VALUE_GATE: {'trade_allowed': True, 'risk': 0.3355721599999981, 'reward': 1.523016352906268, 'rr': 4.5385658718121205}
VALUE_GATE: {'trade_allowed': True, 'risk': 0.3349315199999978, 'reward': 1.4324194572928945, 'rr': 4.276753221950875}
VALUE_GATE: {'trade_allowed': True, 'risk': 0.3340937600000018, 'reward': 1.3777969463724844, 'rr': 4.12398287945419}
VALUE_GATE: {'trade_allowed': True, 'risk': 0.3357939199999862, 'reward': 1.5596539526942763, 'rr': 4.64467597475958}
VALUE_GATE: {'trade_allowed': True, 'risk': 0.3353750400000024, 'reward': 1.5684333284833087, 'rr': 4.676654912909731}
VALUE_GATE: {'trade_allowed': True, 'risk': 0.5028802158201131, 'reward': 1.5423115919653583, 'rr': 3.066956192440594}
VALUE_GATE: {'trade_allowed': True, 'risk': 0.5493074622398524, 'reward': 1.4178775433504143, 'rr': 2.5812093241349507}
VALUE_GATE: {'trade_allowed': True, 'risk': 0.3438511999999889, 'reward': 1.4292848147020436, 'rr': 4.1566957297287015}
VALUE_GATE: {'trade_allowed': True, 'risk': 0.34111616000001277, 'reward': 1.5744356430153346, 'rr': 4.6155410608963106}
VALUE_GATE: {'trade_allowed': True, 'risk': 0.6748907568611742, 'reward': 1.5225251987650665, 'rr': 2.255957995107424}
VALUE_GATE: {'trade_allowed': True, 'risk': 0.3442947199999935, 'reward': 1.5903538869629585, 'rr': 4.619164322249811}
VALUE_GATE: {'trade_allowed': True, 'risk': 0.6063597572642152, 'reward': 1.6280050156812251, 'rr': 2.6848830189959956}
VALUE_GATE: {'trade_allowed': True, 'risk': 0.35029189247538284, 'reward': 1.6835575310435615, 'rr': 4.8061561435135856}
VALUE_GATE: {'trade_allowed': True, 'risk': 0.35190847999999164, 'reward': 1.572227656203836, 'rr': 4.467717448024763}
VALUE_GATE: {'trade_allowed': True, 'risk': 0.35040544000000295, 'reward': 1.561466253934043, 'rr': 4.456170126622548}
VALUE_GATE: {'trade_allowed': True, 'risk': 0.7445976480821628, 'reward': 1.4282737610370475, 'rr': 1.9181819398917097}
VALUE_GATE: {'trade_allowed': True, 'risk': 0.34510783999999717, 'reward': 1.5327744336247804, 'rr': 4.441436142467215}
VALUE_GATE: {'trade_allowed': True, 'risk': 0.4207447126983368, 'reward': 1.5518322458824514, 'rr': 3.6882988640075327}
VALUE_GATE: {'trade_allowed': True, 'risk': 0.3447382399999981, 'reward': 1.5806225371246683, 'rr': 4.584993347777946}
VALUE_GATE: {'trade_allowed': True, 'risk': 0.3447875200000112, 'reward': 1.5169413334119781, 'rr': 4.399641069989798}
VALUE_GATE: {'trade_allowed': True, 'risk': 0.742463443231344, 'reward': 1.6722376797226843, 'rr': 2.2522828497047396}
VALUE_GATE: {'trade_allowed': True, 'risk': 0.35240128000000936, 'reward': 1.6448824798861494, 'rr': 4.667640480437829}
VALUE_GATE: {'trade_allowed': True, 'risk': 0.42719244881467944, 'reward': 1.4659194751747577, 'rr': 3.4315201011680077}
VALUE_GATE: {'trade_allowed': True, 'risk': 0.8218437593283454, 'reward': 1.4544639309346223, 'rr': 1.769757225051253}
VALUE_GATE: {'trade_allowed': True, 'risk': 0.36892192350291, 'reward': 1.4303484565737676, 'rr': 3.8771034342243023}
VALUE_GATE: {'trade_allowed': True, 'risk': 0.4396698604079461, 'reward': 1.5158748421740427, 'rr': 3.4477570074226684}
VALUE_GATE: {'trade_allowed': True, 'risk': 0.3421756799999969, 'reward': 1.4678813102050867, 'rr': 4.289846987971501}
VALUE_GATE: {'trade_allowed': True, 'risk': 0.3408697600000039, 'reward': 1.5597871348867898, 'rr': 4.575903520707651}
VALUE_GATE: {'trade_allowed': True, 'risk': 0.34518176000000267, 'reward': 1.6042426872743931, 'rr': 4.647530296138419}
VALUE_GATE: {'trade_allowed': True, 'risk': 0.3479418822161051, 'reward': 1.616650833501268, 'rr': 4.646324332111227}
VALUE_GATE: {'trade_allowed': True, 'risk': 0.3506518400000118, 'reward': 1.6149702543638966, 'rr': 4.605623214079932}
VALUE_GATE: {'trade_allowed': True, 'risk': 0.5283696518970942, 'reward': 1.5934695567362667, 'rr': 3.015823393745204}
VALUE_GATE: {'trade_allowed': True, 'risk': 0.8772598661315385, 'reward': 1.455446976583147, 'rr': 1.6590830525523137}
VALUE_GATE: {'trade_allowed': True, 'risk': 0.4924436005330506, 'reward': 1.5713946715251552, 'rr': 3.191014503638961}
VALUE_GATE: {'trade_allowed': True, 'risk': 0.41179339201789844, 'reward': 1.5473474490713954, 'rr': 3.757582027941188}
VALUE_GATE: {'trade_allowed': True, 'risk': 0.3535100800000066, 'reward': 1.553392159550441, 'rr': 4.39419481206989}
VALUE_GATE: {'trade_allowed': True, 'risk': 0.35513632000001394, 'reward': 1.5187859054223338, 'rr': 4.27662793099358}
VALUE_GATE: {'trade_allowed': True, 'risk': 1.341083999999995, 'reward': 3.881906296490854, 'rr': 2.89460339284554}
VALUE_GATE: {'trade_allowed': True, 'risk': 0.35562912000000324, 'reward': 1.4781010764297093, 'rr': 4.156299339125255}
VALUE_GATE: {'trade_allowed': True, 'risk': 0.6533478468809051, 'reward': 1.6520464236843964, 'rr': 2.5285863136632303}
VALUE_GATE: {'trade_allowed': True, 'risk': 0.362380480000013, 'reward': 1.656391623927675, 'rr': 4.570863264841461}
VALUE_GATE: {'trade_allowed': True, 'risk': 0.3607049599999925, 'reward': 1.685109763665821, 'rr': 4.67171220397373}
VALUE_GATE: {'trade_allowed': True, 'risk': 0.3598671999999965, 'reward': 1.658902607510015, 'rr': 4.6097632890967315}
VALUE_GATE: {'trade_allowed': True, 'risk': 0.3584380800000133, 'reward': 1.5988328146258084, 'rr': 4.460555124683597}
VALUE_GATE: {'trade_allowed': True, 'risk': 0.35562912000000324, 'reward': 1.4704437278211628, 'rr': 4.134767501101005}
VALUE_GATE: {'trade_allowed': True, 'risk': 0.3561712000000057, 'reward': 1.467289779314541, 'rr': 4.119619383359793}
VALUE_GATE: {'trade_allowed': True, 'risk': 0.3562451200000112, 'reward': 1.6276037363484193, 'rr': 4.568774826581114}
VALUE_GATE: {'trade_allowed': True, 'risk': 0.5008906328415321, 'reward': 1.5728242503864749, 'rr': 3.140055228152116}
VALUE_GATE: {'trade_allowed': True, 'risk': 0.3503561599999898, 'reward': 1.544597849267376, 'rr': 4.408650469474893}
VALUE_GATE: {'trade_allowed': True, 'risk': 0.35277088000000845, 'reward': 1.6008402525806957, 'rr': 4.537903617726773}
VALUE_GATE: {'trade_allowed': True, 'risk': 0.36479490763613853, 'reward': 1.4408252868178408, 'rr': 3.949685855414899}
VALUE_GATE: {'trade_allowed': True, 'risk': 0.35153887999999256, 'reward': 1.6703424731829557, 'rr': 4.751515602436325}
VALUE_GATE: {'trade_allowed': True, 'risk': 0.3503561599999898, 'reward': 1.5469789579747726, 'rr': 4.41544672134441}
VALUE_GATE: {'trade_allowed': True, 'risk': 0.34991264000001365, 'reward': 1.5695074902237138, 'rr': 4.485426677423407}
VALUE_GATE: {'trade_allowed': True, 'risk': 0.35210559999998736, 'reward': 1.45595876813951, 'rr': 4.135005998596905}
VALUE_GATE: {'trade_allowed': True, 'risk': 0.35247519999998644, 'reward': 1.4567802020822285, 'rr': 4.1330005687840865}
VALUE_GATE: {'trade_allowed': True, 'risk': 0.35274623999998767, 'reward': 1.5500315042671673, 'rr': 4.394182923869639}
VALUE_GATE: {'trade_allowed': True, 'risk': 0.35254911999999194, 'reward': 1.5635966466291222, 'rr': 4.4351171451772675}
VALUE_GATE: {'trade_allowed': True, 'risk': 0.4327646671411287, 'reward': 1.6045486206726878, 'rr': 3.707670109189919}
VALUE_GATE: {'trade_allowed': True, 'risk': 0.40529100259450956, 'reward': 1.5894466043661453, 'rr': 3.9217416478311855}
VALUE_GATE: {'trade_allowed': True, 'risk': 0.3571568000000127, 'reward': 1.5874256455813054, 'rr': 4.4446182897294655}
VALUE_GATE: {'trade_allowed': True, 'risk': 0.3560726400000078, 'reward': 1.548348338393481, 'rr': 4.348405815154591}
VALUE_GATE: {'trade_allowed': True, 'risk': 0.3553087999999889, 'reward': 1.567000366769065, 'rr': 4.410249244513826}
VALUE_GATE: {'trade_allowed': True, 'risk': 0.35439711999998735, 'reward': 1.5722817261057855, 'rr': 4.436496905239641}
VALUE_GATE: {'trade_allowed': True, 'risk': 0.35484063999999194, 'reward': 1.6016360876974431, 'rr': 4.513677147289216}
VALUE_GATE: {'trade_allowed': True, 'risk': 0.35447103999999285, 'reward': 1.6329920009079046, 'rr': 4.6068417913856585}
VALUE_GATE: {'trade_allowed': True, 'risk': 0.3517852800000014, 'reward': 1.646607840066764, 'rr': 4.680718420244182}
VALUE_GATE: {'trade_allowed': True, 'risk': 0.3512185600000066, 'reward': 1.6008600793212793, 'rr': 4.5580167498017445}
VALUE_GATE: {'trade_allowed': True, 'risk': 0.35089823999999226, 'reward': 1.5721498801957523, 'rr': 4.480358408739203}
VALUE_GATE: {'trade_allowed': True, 'risk': 0.34983872000000815, 'reward': 1.4419864868515049, 'rr': 4.1218607444352395}
VALUE_GATE: {'trade_allowed': True, 'risk': 0.3514403199999947, 'reward': 1.5985285163008598, 'rr': 4.548506319083946}
VALUE_GATE: {'trade_allowed': True, 'risk': 0.3510214400000109, 'reward': 1.5337242781371003, 'rr': 4.369317948604657}
VALUE_GATE: {'trade_allowed': True, 'risk': 0.6196302359890069, 'reward': 1.4354088664138942, 'rr': 2.316557170782351}
VALUE_GATE: {'trade_allowed': True, 'risk': 1.170387562626729, 'reward': 1.4074285542163523, 'rr': 1.2025320493475053}
VALUE_GATE: {'trade_allowed': True, 'risk': 0.3317283199999963, 'reward': 1.4701116408801909, 'rr': 4.431673608331683}
VALUE_GATE: {'trade_allowed': True, 'risk': 0.3301759999999945, 'reward': 1.3587683173574021, 'rr': 4.11528493093812}
VALUE_GATE: {'trade_allowed': True, 'risk': 0.346559245600929, 'reward': 1.412927026314378, 'rr': 4.077014375606635}
VALUE_GATE: {'trade_allowed': True, 'risk': 0.32763808000001404, 'reward': 1.3600441916159696, 'rr': 4.151056530473842}
VALUE_GATE: {'trade_allowed': True, 'risk': 0.6292165817776834, 'reward': 1.33293827903222, 'rr': 2.1184093325486733}
VALUE_GATE: {'trade_allowed': True, 'risk': 0.8712197710321163, 'reward': 1.3216910896733083, 'rr': 1.517058190848364}
VALUE_GATE: {'trade_allowed': True, 'risk': 0.39480852040213676, 'reward': 1.4487437715244198, 'rr': 3.66948456443844}
VALUE_GATE: {'trade_allowed': True, 'risk': 0.5008555576324198, 'reward': 1.4557922478379623, 'rr': 2.9066109493116072}
VALUE_GATE: {'trade_allowed': True, 'risk': 0.3604344585050683, 'reward': 1.4177021616330734, 'rr': 3.933314721109381}
VALUE_GATE: {'trade_allowed': True, 'risk': 0.31275551999999607, 'reward': 1.294785528215911, 'rr': 4.1399286196960725}
VALUE_GATE: {'trade_allowed': True, 'risk': 0.3144310400000023, 'reward': 1.2963900277555354, 'rr': 4.122970899296474}
VALUE_GATE: {'trade_allowed': True, 'risk': 1.1488959999999935, 'reward': 2.4161421010707187, 'rr': 2.103012022907846}
VALUE_GATE: {'trade_allowed': True, 'risk': 0.3914977622310971, 'reward': 1.3837253766279218, 'rr': 3.5344400661251365}
VALUE_GATE: {'trade_allowed': True, 'risk': 0.3137164799999965, 'reward': 1.3979234106277971, 'rr': 4.456008847950266}
VALUE_GATE: {'trade_allowed': True, 'risk': 0.31689503999999147, 'reward': 1.4639604065220908, 'rr': 4.619701231430224}
VALUE_GATE: {'trade_allowed': True, 'risk': 0.3164268799999945, 'reward': 1.4688582189737929, 'rr': 4.642014670099513}
VALUE_GATE: {'trade_allowed': True, 'risk': 0.3139628800000054, 'reward': 1.2972024621626588, 'rr': 4.131706468492824}
VALUE_GATE: {'trade_allowed': True, 'risk': 0.3140121600000043, 'reward': 1.2881928106036895, 'rr': 4.10236600583771}
VALUE_GATE: {'trade_allowed': True, 'risk': 0.3137411200000031, 'reward': 1.4444022052907428, 'rr': 4.603802667915282}
VALUE_GATE: {'trade_allowed': True, 'risk': 0.7862553550824316, 'reward': 1.436075413320907, 'rr': 1.8264745722086024}
VALUE_GATE: {'trade_allowed': True, 'risk': 0.7853471528821387, 'reward': 1.4171282474205782, 'rr': 1.804460921797286}
VALUE_GATE: {'trade_allowed': True, 'risk': 0.38153106217950494, 'reward': 1.3786716053920856, 'rr': 3.6135238832623284}
VALUE_GATE: {'trade_allowed': True, 'risk': 0.5611805308850109, 'reward': 1.4341808118368249, 'rr': 2.555649622368487}
VALUE_GATE: {'trade_allowed': True, 'risk': 0.9735027826613134, 'reward': 2.1026581675247087, 'rr': 2.15988922165848}
VALUE_GATE: {'trade_allowed': True, 'risk': 0.3237203200000067, 'reward': 1.490622215507159, 'rr': 4.604660638872246}
VALUE_GATE: {'trade_allowed': True, 'risk': 0.3557783590681254, 'reward': 1.337086070192072, 'rr': 3.7581995534923562}
VALUE_GATE: {'trade_allowed': True, 'risk': 0.31918655999999146, 'reward': 1.4711291415731296, 'rr': 4.608994631770113}
VALUE_GATE: {'trade_allowed': True, 'risk': 0.3195068800000058, 'reward': 1.4709917528984704, 'rr': 4.603943905365805}
VALUE_GATE: {'trade_allowed': True, 'risk': 0.5385903333307169, 'reward': 1.3072994240684181, 'rr': 2.4272612098028166}
VALUE_GATE: {'trade_allowed': True, 'risk': 0.36547408860549524, 'reward': 1.431321002810435, 'rr': 3.916340576350544}
VALUE_GATE: {'trade_allowed': True, 'risk': 0.5947881312223302, 'reward': 1.4329412787752176, 'rr': 2.40916252957238}
VALUE_GATE: {'trade_allowed': True, 'risk': 0.31792992000001163, 'reward': 1.4693120188772468, 'rr': 4.621496519978972}
VALUE_GATE: {'trade_allowed': True, 'risk': 0.31721536000000583, 'reward': 1.4407815698506, 'rr': 4.54196659912866}
VALUE_GATE: {'trade_allowed': True, 'risk': 0.31684576000000675, 'reward': 1.4465398406363192, 'rr': 4.565438529574417}
VALUE_GATE: {'trade_allowed': True, 'risk': 0.31706751999999483, 'reward': 1.4544222736807626, 'rr': 4.587105843199538}
VALUE_GATE: {'trade_allowed': True, 'risk': 0.31521952000001363, 'reward': 1.303286637843513, 'rr': 4.134536585308729}
VALUE_GATE: {'trade_allowed': True, 'risk': 0.6871037230666133, 'reward': 1.2898387818122785, 'rr': 1.877211166977233}
VALUE_GATE: {'trade_allowed': True, 'risk': 0.6298591912274105, 'reward': 1.4664554568586539, 'rr': 2.3282274471552333}
VALUE_GATE: {'trade_allowed': True, 'risk': 0.3501832706695325, 'reward': 1.4867742555240966, 'rr': 4.245703264697541}
VALUE_GATE: {'trade_allowed': True, 'risk': 0.4286447121602919, 'reward': 1.3069310287651916, 'rr': 3.048984372578622}
VALUE_GATE: {'trade_allowed': True, 'risk': 0.4357300919194813, 'reward': 1.3063194177794628, 'rr': 2.9980013820593734}
VALUE_GATE: {'trade_allowed': True, 'risk': 0.31349471999999423, 'reward': 1.3908484898570066, 'rr': 4.43659303052068}
VALUE_GATE: {'trade_allowed': True, 'risk': 0.31312511999999515, 'reward': 1.4647116325878926, 'rr': 4.677719988060732}
VALUE_GATE: {'trade_allowed': True, 'risk': 0.3128787200000005, 'reward': 1.2834402284707664, 'rr': 4.102037455505968}
VALUE_GATE: {'trade_allowed': True, 'risk': 0.33274841600000116, 'reward': 1.3437881936730918, 'rr': 4.038451061095621}
VALUE_GATE: {'trade_allowed': True, 'risk': 0.31319904000000065, 'reward': 1.2929234502627196, 'rr': 4.12812073198793}
VALUE_GATE: {'trade_allowed': True, 'risk': 0.3105872000000005, 'reward': 1.4157864036638586, 'rr': 4.55841838834265}
VALUE_GATE: {'trade_allowed': True, 'risk': 0.6176937460469816, 'reward': 1.2488621794886825, 'rr': 2.021814511610248}
VALUE_GATE: {'trade_allowed': True, 'risk': 0.36232616708703347, 'reward': 1.316836991584566, 'rr': 3.634396605057376}
VALUE_GATE: {'trade_allowed': True, 'risk': 0.334182333103044, 'reward': 1.3021110536566454, 'rr': 3.89640900991359}
VALUE_GATE: {'trade_allowed': True, 'risk': 0.4679002892391253, 'reward': 1.2139263843274364, 'rr': 2.5944125537974325}
VALUE_GATE: {'trade_allowed': True, 'risk': 0.33927977929302244, 'reward': 1.2088146125082346, 'rr': 3.5628843399601178}
VALUE_GATE: {'trade_allowed': True, 'risk': 0.33748689007992994, 'reward': 1.3568048818434306, 'rr': 4.020318778966753}
VALUE_GATE: {'trade_allowed': True, 'risk': 0.29885855999999933, 'reward': 1.2446551270970332, 'rr': 4.164696259986784}
VALUE_GATE: {'trade_allowed': True, 'risk': 0.5309725825570553, 'reward': 1.4161122345925747, 'rr': 2.667015738878396}
VALUE_GATE: {'trade_allowed': True, 'risk': 0.3021849600000053, 'reward': 1.360694562378285, 'rr': 4.502853359671709}
VALUE_GATE: {'trade_allowed': True, 'risk': 0.3707740589181583, 'reward': 1.412397397790187, 'rr': 3.8093209700572612}
VALUE_GATE: {'trade_allowed': True, 'risk': 0.30127328000000375, 'reward': 1.4084638762612798, 'rr': 4.67503748178817}
VALUE_GATE: {'trade_allowed': True, 'risk': 0.9636680507265254, 'reward': 2.2285092891439007, 'rr': 2.312527936838614}
VALUE_GATE: {'trade_allowed': True, 'risk': 0.30519103999999686, 'reward': 1.3687993970168435, 'rr': 4.485057611838334}
VALUE_GATE: {'trade_allowed': True, 'risk': 0.5695202538353072, 'reward': 1.3972020865655566, 'rr': 2.453296572257809}
VALUE_GATE: {'trade_allowed': True, 'risk': 0.37490670362635115, 'reward': 1.4247875309407618, 'rr': 3.8003789133649875}
VALUE_GATE: {'trade_allowed': True, 'risk': 0.3072361600000022, 'reward': 1.346465233512717, 'rr': 4.3825089908450465}
VALUE_GATE: {'trade_allowed': True, 'risk': 0.30526496000000236, 'reward': 1.3407865326903305, 'rr': 4.392205815860163}
VALUE_GATE: {'trade_allowed': True, 'risk': 0.3072361600000022, 'reward': 1.3857409635896687, 'rr': 4.510344627369574}
VALUE_GATE: {'trade_allowed': True, 'risk': 0.30669407999999976, 'reward': 1.3802658619018047, 'rr': 4.500464638579936}
VALUE_GATE: {'trade_allowed': True, 'risk': 0.3065215999999964, 'reward': 1.3576690524179185, 'rr': 4.429276933233855}
VALUE_GATE: {'trade_allowed': True, 'risk': 0.3045996799999955, 'reward': 1.2537830921762776, 'rr': 4.116166806794729}
VALUE_GATE: {'trade_allowed': True, 'risk': 0.30578239999999823, 'reward': 1.4551113663393664, 'rr': 4.75864983183916}
VALUE_GATE: {'trade_allowed': True, 'risk': 0.306078080000006, 'reward': 1.3255514183764916, 'rr': 4.330762328280632}
VALUE_GATE: {'trade_allowed': True, 'risk': 0.305511359999997, 'reward': 1.355821019164793, 'rr': 4.437874320499265}
VALUE_GATE: {'trade_allowed': True, 'risk': 0.7934305800200008, 'reward': 1.3723448114573955, 'rr': 1.7296343826611793}
VALUE_GATE: {'trade_allowed': True, 'risk': 0.3056591999999938, 'reward': 1.334075945760361, 'rr': 4.3645862639187305}
VALUE_GATE: {'trade_allowed': True, 'risk': 0.31004511999999806, 'reward': 1.4177734177529118, 'rr': 4.5727970746739075}
VALUE_GATE: {'trade_allowed': True, 'risk': 0.5919833261008023, 'reward': 1.3884782577088686, 'rr': 2.3454685233354695}
VALUE_GATE: {'trade_allowed': True, 'risk': 0.33118131199999823, 'reward': 1.2685351788234698, 'rr': 3.830334420631429}
VALUE_GATE: {'trade_allowed': True, 'risk': 0.3145296000000002, 'reward': 1.4638719207888187, 'rr': 4.654162663192328}
VALUE_GATE: {'trade_allowed': True, 'risk': 0.31369184000000416, 'reward': 1.3819762019128206, 'rr': 4.405521679852438}
VALUE_GATE: {'trade_allowed': True, 'risk': 0.31939412406488543, 'reward': 1.4262834185394553, 'rr': 4.4655906639337655}
VALUE_GATE: {'trade_allowed': True, 'risk': 0.5749721786680624, 'reward': 1.2930998813191792, 'rr': 2.2489781754565548}
VALUE_GATE: {'trade_allowed': True, 'risk': 0.47308135558722597, 'reward': 1.4181520575300937, 'rr': 2.9976917094307622}
VALUE_GATE: {'trade_allowed': True, 'risk': 0.31105535999999745, 'reward': 1.3618779685459401, 'rr': 4.378249481204732}
VALUE_GATE: {'trade_allowed': True, 'risk': 0.44103409002718763, 'reward': 1.4073733678397389, 'rr': 3.1910761541199255}
VALUE_GATE: {'trade_allowed': True, 'risk': 0.3083203200000071, 'reward': 1.3668726865679588, 'rr': 4.433287713790409}
VALUE_GATE: {'trade_allowed': True, 'risk': 0.3027516800000001, 'reward': 1.2598361141847363, 'rr': 4.161285295542327}
VALUE_GATE: {'trade_allowed': True, 'risk': 0.30356480000000374, 'reward': 1.3521876242876516, 'rr': 4.454362377613066}
VALUE_GATE: {'trade_allowed': True, 'risk': 0.5508248735870467, 'reward': 1.2569037933627953, 'rr': 2.281857362717966}
VALUE_GATE: {'trade_allowed': True, 'risk': 0.3028256000000056, 'reward': 1.2512095559792868, 'rr': 4.131782636538205}
VALUE_GATE: {'trade_allowed': True, 'risk': 0.7897227925142261, 'reward': 1.23163700958807, 'rr': 1.5595814395415}
VALUE_GATE: {'trade_allowed': True, 'risk': 0.7801003304895886, 'reward': 1.2084645135386438, 'rr': 1.5491142181419346}
VALUE_GATE: {'trade_allowed': True, 'risk': 0.7830729561381276, 'reward': 1.7236163117248537, 'rr': 2.20109288440402}
VALUE_GATE: {'trade_allowed': True, 'risk': 0.5205877231604603, 'reward': 1.2087345442562878, 'rr': 2.321865250525166}
VALUE_GATE: {'trade_allowed': True, 'risk': 0.44275233125848956, 'reward': 1.175009602338946, 'rr': 2.653875585474776}
VALUE_GATE: {'trade_allowed': True, 'risk': 0.3482629906369823, 'reward': 1.3316810618226214, 'rr': 3.8237800100060624}
VALUE_GATE: {'trade_allowed': True, 'risk': 0.45789029133756287, 'reward': 1.1650565545206746, 'rr': 2.5444010859399926}
VALUE_GATE: {'trade_allowed': True, 'risk': 0.28119168000000627, 'reward': 1.2849763002007961, 'rr': 4.5697522067536545}
VALUE_GATE: {'trade_allowed': True, 'risk': 0.2838774399999977, 'reward': 1.303726808329742, 'rr': 4.592569273309469}
VALUE_GATE: {'trade_allowed': True, 'risk': 0.45678943174402775, 'reward': 1.3267559722400932, 'rr': 2.9045242294124938}
VALUE_GATE: {'trade_allowed': True, 'risk': 0.28535583999999403, 'reward': 1.2677127056975905, 'rr': 4.442567937973924}
VALUE_GATE: {'trade_allowed': True, 'risk': 0.28525727999999617, 'reward': 1.296023790792617, 'rr': 4.543350447682298}
VALUE_GATE: {'trade_allowed': True, 'risk': 0.2850108800000015, 'reward': 1.2911841382291698, 'rr': 4.5302977143509855}
VALUE_GATE: {'trade_allowed': True, 'risk': 0.28634144000000106, 'reward': 1.2009909534424708, 'rr': 4.194261764704635}
VALUE_GATE: {'trade_allowed': True, 'risk': 0.7146517205715242, 'reward': 1.1751073155337792, 'rr': 1.6443076840198716}
VALUE_GATE: {'trade_allowed': True, 'risk': 1.0797120000000007, 'reward': 1.9718238512513153, 'rr': 1.8262498251860813}
VALUE_GATE: {'trade_allowed': True, 'risk': 1.0778719999999993, 'reward': 2.714671191343072, 'rr': 2.5185469066299837}
VALUE_GATE: {'trade_allowed': True, 'risk': 0.38082590005383565, 'reward': 1.1742038700162425, 'rr': 3.0833088554382737}
VALUE_GATE: {'trade_allowed': True, 'risk': 0.559696997399584, 'reward': 1.1126995809702152, 'rr': 1.9880392178981559}
VALUE_GATE: {'trade_allowed': True, 'risk': 0.37798744144568275, 'reward': 1.0969411856148525, 'rr': 2.902057225550665}
VALUE_GATE: {'trade_allowed': True, 'risk': 0.9678399999999954, 'reward': 1.2632226516243321, 'rr': 1.3051978133000683}
VALUE_GATE: {'trade_allowed': True, 'risk': 0.947968000000003, 'reward': 1.3112696337127119, 'rr': 1.3832425078828692}
VALUE_GATE: {'trade_allowed': True, 'risk': 0.44816154468763614, 'reward': 1.1471723536823504, 'rr': 2.559729560201149}
VALUE_GATE: {'trade_allowed': True, 'risk': 0.7470567226673523, 'reward': 1.6850871679476, 'rr': 2.255634835773952}
VALUE_GATE: {'trade_allowed': True, 'risk': 0.4519705798472131, 'reward': 1.0359609987954599, 'rr': 2.2920983023843333}
VALUE_GATE: {'trade_allowed': True, 'risk': 0.3319775880227809, 'reward': 1.0993058836852612, 'rr': 3.311385838521801}
VALUE_GATE: {'trade_allowed': True, 'risk': 0.35476418286923206, 'reward': 1.1379399143696673, 'rr': 3.2075952684014832}
VALUE_GATE: {'trade_allowed': True, 'risk': 0.9792479999999983, 'reward': 2.7245136236386287, 'rr': 2.7822508941949673}
VALUE_GATE: {'trade_allowed': True, 'risk': 0.5342478035389178, 'reward': 1.0714958268907395, 'rr': 2.0056157831497483}
VALUE_GATE: {'trade_allowed': True, 'risk': 0.294330840136908, 'reward': 1.0705090633979921, 'rr': 3.6370944441297577}
VALUE_GATE: {'trade_allowed': True, 'risk': 0.2564472145125336, 'reward': 1.1984132638496874, 'rr': 4.673138158773474}
VALUE_GATE: {'trade_allowed': True, 'risk': 0.5899382532663964, 'reward': 1.0613719563533976, 'rr': 1.7991238074099216}
VALUE_GATE: {'trade_allowed': True, 'risk': 0.252828601475386, 'reward': 1.165160035455898, 'rr': 4.60849772793341}
VALUE_GATE: {'trade_allowed': True, 'risk': 0.2751225913507511, 'reward': 1.1601807141765192, 'rr': 4.216959096235816}
VALUE_GATE: {'trade_allowed': True, 'risk': 0.5164004783218274, 'reward': 1.2190822461818982, 'rr': 2.3607302807766772}
VALUE_GATE: {'trade_allowed': True, 'risk': 0.2581779199999943, 'reward': 1.1426015538700511, 'rr': 4.425636219666176}
VALUE_GATE: {'trade_allowed': True, 'risk': 0.40376350513312786, 'reward': 1.0704659311441702, 'rr': 2.6512201264728446}
VALUE_GATE: {'trade_allowed': True, 'risk': 0.708011629017193, 'reward': 1.054920080729346, 'rr': 1.4899756409279667}
VALUE_GATE: {'trade_allowed': True, 'risk': 0.5396774670515896, 'reward': 1.0427998429294405, 'rr': 1.9322649296931935}
VALUE_GATE: {'trade_allowed': True, 'risk': 0.9405160000000024, 'reward': 1.895660660852144, 'rr': 2.0155538670816227}
VALUE_GATE: {'trade_allowed': True, 'risk': 0.6202650402516952, 'reward': 1.1825681888053197, 'rr': 1.9065530250188685}
VALUE_GATE: {'trade_allowed': True, 'risk': 0.6683862959219482, 'reward': 1.0331244994805076, 'rr': 1.5456997035755387}
VALUE_GATE: {'trade_allowed': True, 'risk': 0.9298635020964383, 'reward': 2.3843610464320903, 'rr': 2.5642054355896233}
VALUE_GATE: {'trade_allowed': True, 'risk': 0.5860040088758041, 'reward': 1.2368860983199284, 'rr': 2.1107126906738793}
VALUE_GATE: {'trade_allowed': True, 'risk': 0.8936970949750673, 'reward': 1.0751090765380127, 'rr': 1.2029904568146845}
VALUE_GATE: {'trade_allowed': True, 'risk': 0.7175295499695693, 'reward': 1.210871484135012, 'rr': 1.6875562604862275}
VALUE_GATE: {'trade_allowed': True, 'risk': 0.9338920000000002, 'reward': 1.1842243003590482, 'rr': 1.2680527302504445}
VALUE_GATE: {'trade_allowed': True, 'risk': 0.8326018746210195, 'reward': 1.7218703564356304, 'rr': 2.068059668036881}
VALUE_GATE: {'trade_allowed': True, 'risk': 0.4066747506365971, 'reward': 1.0300093484206627, 'rr': 2.532759525415127}
VALUE_GATE: {'trade_allowed': True, 'risk': 0.7389947079353618, 'reward': 0.9962727356835472, 'rr': 1.3481459677390395}
VALUE_GATE: {'trade_allowed': True, 'risk': 0.7909430935797559, 'reward': 1.0172766206669053, 'rr': 1.2861565249438855}
VALUE_GATE: {'trade_allowed': True, 'risk': 0.39423650219258377, 'reward': 1.027933339208957, 'rr': 2.6074027480763653}
VALUE_GATE: {'trade_allowed': True, 'risk': 0.5565964101234187, 'reward': 1.1032731111169198, 'rr': 1.9821779139256075}
VALUE_GATE: {'trade_allowed': True, 'risk': 0.8967292609110302, 'reward': 1.074376602561344, 'rr': 1.1981058825601758}
VALUE_GATE: {'trade_allowed': True, 'risk': 0.6321260664696524, 'reward': 1.156608141572363, 'rr': 1.829711196742573}
VALUE_GATE: {'trade_allowed': True, 'risk': 0.30427206921808647, 'reward': 1.1395327447104506, 'rr': 3.745111234293715}
VALUE_GATE: {'trade_allowed': True, 'risk': 0.25320064000000286, 'reward': 1.13809885038863, 'rr': 4.494849817080309}
VALUE_GATE: {'trade_allowed': True, 'risk': 0.5700374656724847, 'reward': 1.1281439843855594, 'rr': 1.9790698898267418}
VALUE_GATE: {'trade_allowed': True, 'risk': 0.3968267571766546, 'reward': 1.151552079297474, 'rr': 2.9019012918648524}
VALUE_GATE: {'trade_allowed': True, 'risk': 0.4102479324305506, 'reward': 1.066053730362384, 'rr': 2.5985596662156305}
VALUE_GATE: {'trade_allowed': True, 'risk': 0.6845356680400982, 'reward': 1.5678082847826147, 'rr': 2.2903237303491055}
VALUE_GATE: {'trade_allowed': True, 'risk': 0.25586176000000194, 'reward': 1.0600540089525907, 'rr': 4.143073232016315}
VALUE_GATE: {'trade_allowed': True, 'risk': 0.2765816436054678, 'reward': 1.159714956725125, 'rr': 4.193029376813634}
VALUE_GATE: {'trade_allowed': True, 'risk': 0.31695062300103416, 'reward': 1.1433578044070174, 'rr': 3.607368850015754}
VALUE_GATE: {'trade_allowed': True, 'risk': 0.32892210713907843, 'reward': 1.0568108458783598, 'rr': 3.21295170783856}
VALUE_GATE: {'trade_allowed': True, 'risk': 0.25721695999999383, 'reward': 1.149488409702741, 'rr': 4.468944853802675}
VALUE_GATE: {'trade_allowed': True, 'risk': 0.25290495999999507, 'reward': 1.0429007777718482, 'rr': 4.12368653335968}
VALUE_GATE: {'trade_allowed': True, 'risk': 0.25593075852334835, 'reward': 1.1563887411485325, 'rr': 4.518365622876221}
VALUE_GATE: {'trade_allowed': True, 'risk': 0.3939673574051312, 'reward': 1.1609874809160772, 'rr': 2.94691288273965}
VALUE_GATE: {'trade_allowed': True, 'risk': 0.2854055950892871, 'reward': 1.1410276287529229, 'rr': 3.9979161179231983}
VALUE_GATE: {'trade_allowed': True, 'risk': 0.3112620308964438, 'reward': 1.128229340690794, 'rr': 3.6246931160908393}
VALUE_GATE: {'trade_allowed': True, 'risk': 0.2514925740324401, 'reward': 1.0512914047339024, 'rr': 4.180208536090994}
VALUE_GATE: {'trade_allowed': True, 'risk': 0.2538166399999966, 'reward': 1.0539396289573375, 'rr': 4.152366168574888}
VALUE_GATE: {'trade_allowed': True, 'risk': 0.8746932423882186, 'reward': 1.0979298640717303, 'rr': 1.2552170416613688}
VALUE_GATE: {'trade_allowed': True, 'risk': 0.39554116306680953, 'reward': 1.0256455800699058, 'rr': 2.593018567568573}
VALUE_GATE: {'trade_allowed': True, 'risk': 0.5293356579402086, 'reward': 1.0112232731669195, 'rr': 1.9103630333574517}
VALUE_GATE: {'trade_allowed': True, 'risk': 0.5323882281194585, 'reward': 1.000226794869974, 'rr': 1.8787545291958272}
VALUE_GATE: {'trade_allowed': True, 'risk': 0.612646132483718, 'reward': 1.1490954581564239, 'rr': 1.8756267235343445}
VALUE_GATE: {'trade_allowed': True, 'risk': 0.6105233571205986, 'reward': 1.1552816586028314, 'rr': 1.8922808523681511}
VALUE_GATE: {'trade_allowed': True, 'risk': 0.3802952882441559, 'reward': 1.013124377228138, 'rr': 2.6640466199457493}
VALUE_GATE: {'trade_allowed': True, 'risk': 0.6602895541258249, 'reward': 1.0058811254892674, 'rr': 1.523393970424052}
VALUE_GATE: {'trade_allowed': True, 'risk': 0.2453897599999948, 'reward': 1.0768766350181238, 'rr': 4.38843346608329}
VALUE_GATE: {'trade_allowed': True, 'risk': 0.41927679318959576, 'reward': 1.1378046543579359, 'rr': 2.713731532103719}
VALUE_GATE: {'trade_allowed': True, 'risk': 0.4585639996517017, 'reward': 1.0031963955499918, 'rr': 2.1876911321254195}
VALUE_GATE: {'trade_allowed': True, 'risk': 0.2719637329382749, 'reward': 1.090033016977003, 'rr': 4.008008734107197}
VALUE_GATE: {'trade_allowed': True, 'risk': 0.4519359680819548, 'reward': 1.001486081024126, 'rr': 2.215991095540585}
VALUE_GATE: {'trade_allowed': True, 'risk': 0.23950080000000185, 'reward': 1.0979582155326852, 'rr': 4.584361369701799}
VALUE_GATE: {'trade_allowed': True, 'risk': 0.35559824156251807, 'reward': 1.1061356311113428, 'rr': 3.1106330173369883}
VALUE_GATE: {'trade_allowed': True, 'risk': 0.23247840000000508, 'reward': 1.0302850836102948, 'rr': 4.431745416392544}
VALUE_GATE: {'trade_allowed': True, 'risk': 0.7466935837042428, 'reward': 0.945828447492346, 'rr': 1.266688864259718}
VALUE_GATE: {'trade_allowed': True, 'risk': 0.38037226761589693, 'reward': 0.9817095252155497, 'rr': 2.580917718762}
VALUE_GATE: {'trade_allowed': True, 'risk': 0.37457913530496967, 'reward': 0.929845824816681, 'rr': 2.482374850002342}
VALUE_GATE: {'trade_allowed': True, 'risk': 0.8608440000000002, 'reward': 2.217572163138442, 'rr': 2.5760441649572297}
VALUE_GATE: {'trade_allowed': True, 'risk': 0.6132676865330211, 'reward': 0.938055674291121, 'rr': 1.5296023170472588}
VALUE_GATE: {'trade_allowed': True, 'risk': 0.45918284095454, 'reward': 0.9978577826068573, 'rr': 2.173116444274204}
VALUE_GATE: {'trade_allowed': True, 'risk': 0.8384879999999981, 'reward': 1.349782136755465, 'rr': 1.6097811021212802}
VALUE_GATE: {'trade_allowed': True, 'risk': 0.8121869281230403, 'reward': 0.9951670792624014, 'rr': 1.2252931496474924}
VALUE_GATE: {'trade_allowed': True, 'risk': 0.4690487188630357, 'reward': 1.0058888803604162, 'rr': 2.1445296403296226}
VALUE_GATE: {'trade_allowed': True, 'risk': 0.7084581333118507, 'reward': 1.5875584041548336, 'rr': 2.2408641096876485}
VALUE_GATE: {'trade_allowed': True, 'risk': 0.5062475080615201, 'reward': 0.9235951902801389, 'rr': 1.8243945413513067}
VALUE_GATE: {'trade_allowed': True, 'risk': 0.8537599999999941, 'reward': 1.6800723465704408, 'rr': 1.9678508557093943}
VALUE_GATE: {'trade_allowed': True, 'risk': 0.28435377655775085, 'reward': 1.02794321701748, 'rr': 3.6150151739191334}
VALUE_GATE: {'trade_allowed': True, 'risk': 0.5788375281810971, 'reward': 0.9115171759228389, 'rr': 1.5747375239942258}
VALUE_GATE: {'trade_allowed': True, 'risk': 0.39156779992971735, 'reward': 0.9690496949277048, 'rr': 2.4747941355280996}
VALUE_GATE: {'trade_allowed': True, 'risk': 0.3165401768333993, 'reward': 1.017481092487884, 'rr': 3.214382144682387}
VALUE_GATE: {'trade_allowed': True, 'risk': 0.7747320000000002, 'reward': 1.4894090815722478, 'rr': 1.9224829767871308}
VALUE_GATE: {'trade_allowed': True, 'risk': 0.7894519999999972, 'reward': 2.560059506484251, 'rr': 3.24283111130792}
VALUE_GATE: {'trade_allowed': True, 'risk': 0.7369922459338767, 'reward': 0.862793369572401, 'rr': 1.1706953150899382}
VALUE_GATE: {'trade_allowed': True, 'risk': 0.5734755861221146, 'reward': 1.0119551987899342, 'rr': 1.7646003130366055}
VALUE_GATE: {'trade_allowed': True, 'risk': 0.7187959999999975, 'reward': 0.9966615864095587, 'rr': 1.3865708579479603}
VALUE_GATE: {'trade_allowed': True, 'risk': 0.7349880000000013, 'reward': 3.7865984984990746, 'rr': 5.151918804795545}
VALUE_GATE: {'trade_allowed': True, 'risk': 0.7353008000000045, 'reward': 3.9834795902193463, 'rr': 5.417483008612695}
VALUE_GATE: {'trade_allowed': True, 'risk': 0.6614716952247335, 'reward': 1.08717260584595, 'rr': 1.6435663289819011}
VALUE_GATE: {'trade_allowed': True, 'risk': 0.32478510038545494, 'reward': 0.8265818909782325, 'rr': 2.545011732364709}
VALUE_GATE: {'trade_allowed': True, 'risk': 0.6279367725340421, 'reward': 1.452434984649841, 'rr': 2.3130274387157357}
VALUE_GATE: {'trade_allowed': False, 'reason': 'reward_too_small'}
VALUE_GATE: {'trade_allowed': True, 'risk': 0.3966618331902225, 'reward': 0.8832866223474696, 'rr': 2.2268001315969363}
VALUE_GATE: {'trade_allowed': True, 'risk': 0.1961097599999988, 'reward': 0.8617671834463749, 'rr': 4.394310530217263}
VALUE_GATE: {'trade_allowed': True, 'risk': 0.4132757356555885, 'reward': 0.9191704810867947, 'rr': 2.2241094789383027}
VALUE_GATE: {'trade_allowed': True, 'risk': 0.5313761630632428, 'reward': 1.0637843443937243, 'rr': 2.001942161389569}
VALUE_GATE: {'trade_allowed': True, 'risk': 0.39311252480975156, 'reward': 0.9532727336996629, 'rr': 2.4249360514804335}
VALUE_GATE: {'trade_allowed': True, 'risk': 0.516298385036194, 'reward': 0.9947378993845177, 'rr': 1.9266724983359842}
VALUE_GATE: {'trade_allowed': True, 'risk': 0.3259518943086448, 'reward': 0.9336597306457435, 'rr': 2.8644095860405043}
VALUE_GATE: {'trade_allowed': True, 'risk': 0.7709600000000023, 'reward': 2.501610275770588, 'rr': 3.2447990502368222}
VALUE_GATE: {'trade_allowed': True, 'risk': 0.43326651212444744, 'reward': 0.9580346275437535, 'rr': 2.2111901121695197}
VALUE_GATE: {'trade_allowed': True, 'risk': 0.4170783738882733, 'reward': 0.9846178235581817, 'rr': 2.3607501256393135}
VALUE_GATE: {'trade_allowed': True, 'risk': 0.3336650852107823, 'reward': 0.9651256862983075, 'rr': 2.8924982836865296}
VALUE_GATE: {'trade_allowed': True, 'risk': 0.40800625226695786, 'reward': 0.9786616448061238, 'rr': 2.3986437447183704}
VALUE_GATE: {'trade_allowed': True, 'risk': 0.36742913531602994, 'reward': 0.883878610959357, 'rr': 2.405575731492069}
VALUE_GATE: {'trade_allowed': True, 'risk': 0.39600923619944695, 'reward': 0.8728777865310349, 'rr': 2.204185424835437}
VALUE_GATE: {'trade_allowed': True, 'risk': 0.5810090159821755, 'reward': 1.2592640305554283, 'rr': 2.16737433656978}
VALUE_GATE: {'trade_allowed': True, 'risk': 0.31870706874506993, 'reward': 0.9006718504701183, 'rr': 2.826017803798871}
VALUE_GATE: {'trade_allowed': True, 'risk': 0.38966919284776225, 'reward': 0.8975901222502927, 'rr': 2.3034669887310475}
VALUE_GATE: {'trade_allowed': True, 'risk': 0.6558578838643285, 'reward': 0.8825688803766525, 'rr': 1.3456709175721697}
VALUE_GATE: {'trade_allowed': True, 'risk': 0.7807119999999941, 'reward': 0.984252639287746, 'rr': 1.2607115546933485}
VALUE_GATE: {'trade_allowed': True, 'risk': 0.28851348234732654, 'reward': 0.9344337423035824, 'rr': 3.2387870913383026}
VALUE_GATE: {'trade_allowed': True, 'risk': 0.21012991999999997, 'reward': 0.9858691321655471, 'rr': 4.69171230905883}
VALUE_GATE: {'trade_allowed': True, 'risk': 0.24453574762357277, 'reward': 0.8621953228189767, 'rr': 3.5258457350219445}
VALUE_GATE: {'trade_allowed': True, 'risk': 0.3002483288610591, 'reward': 0.9502705072078896, 'rr': 3.164948530480016}
VALUE_GATE: {'trade_allowed': True, 'risk': 0.3335005201344643, 'reward': 0.8728416733251407, 'rr': 2.617212329903471}
VALUE_GATE: {'trade_allowed': True, 'risk': 0.21330847999999492, 'reward': 0.9734740733806291, 'rr': 4.563691389018628}
VALUE_GATE: {'trade_allowed': True, 'risk': 0.3119161763283955, 'reward': 0.8804724461907512, 'rr': 2.8227854565123964}
VALUE_GATE: {'trade_allowed': True, 'risk': 0.2721591788233866, 'reward': 0.9753503694551569, 'rr': 3.5837496779342324}
VALUE_GATE: {'trade_allowed': True, 'risk': 0.2691603379888363, 'reward': 1.0019578343264044, 'rr': 3.7225314911291334}
VALUE_GATE: {'trade_allowed': True, 'risk': 0.21762047999999368, 'reward': 1.0191872778401745, 'rr': 4.683324280142219}
VALUE_GATE: {'trade_allowed': True, 'risk': 0.21606816000000606, 'reward': 0.9986232351679121, 'rr': 4.6217972845600395}
VALUE_GATE: {'trade_allowed': True, 'risk': 0.21523039999999583, 'reward': 0.9966640267033, 'rr': 4.6306842653422535}
VALUE_GATE: {'trade_allowed': True, 'risk': 0.27009060257486794, 'reward': 0.8823835411064351, 'rr': 3.2669909011804372}
VALUE_GATE: {'trade_allowed': True, 'risk': 0.21537824000000683, 'reward': 1.0099435314193244, 'rr': 4.689162337937632}
VALUE_GATE: {'trade_allowed': True, 'risk': 0.21508255999999903, 'reward': 0.988585771810989, 'rr': 4.596308374844494}
VALUE_GATE: {'trade_allowed': True, 'risk': 0.21493472000000224, 'reward': 0.9874624191141237, 'rr': 4.594243401504016}
VALUE_GATE: {'trade_allowed': True, 'risk': 0.2177472893441177, 'reward': 0.9010489217642856, 'rr': 4.138048856903609}
VALUE_GATE: {'trade_allowed': True, 'risk': 0.799664000000007, 'reward': 1.0881604511201601, 'rr': 1.3607720881772227}
VALUE_GATE: {'trade_allowed': True, 'risk': 0.31625147993273117, 'reward': 1.0098777874064666, 'rr': 3.193274503003984}
VALUE_GATE: {'trade_allowed': True, 'risk': 0.21801471999999933, 'reward': 1.005147532066573, 'rr': 4.610457184113881}
VALUE_GATE: {'trade_allowed': True, 'risk': 0.2384726138657527, 'reward': 0.9760183900188792, 'rr': 4.092790254600578}
VALUE_GATE: {'trade_allowed': True, 'risk': 0.3373074128336526, 'reward': 0.9883797857125955, 'rr': 2.93020475716621}
VALUE_GATE: {'trade_allowed': True, 'risk': 0.21673343999999872, 'reward': 0.8997926694910348, 'rr': 4.151609781541049}
VALUE_GATE: {'trade_allowed': True, 'risk': 0.7704138653517418, 'reward': 0.9000100008259295, 'rr': 1.1682162553175481}
VALUE_GATE: {'trade_allowed': True, 'risk': 0.2792663158304691, 'reward': 0.9484982379119202, 'rr': 3.396393278191537}
VALUE_GATE: {'trade_allowed': True, 'risk': 0.213825920000005, 'reward': 0.9781297390997139, 'rr': 4.5744208143694225}
VALUE_GATE: {'trade_allowed': True, 'risk': 0.6830979019768506, 'reward': 1.5134259323545365, 'rr': 2.2155329828634502}
VALUE_GATE: {'trade_allowed': True, 'risk': 0.44906311243772734, 'reward': 0.952244310948501, 'rr': 2.120513318894682}
VALUE_GATE: {'trade_allowed': True, 'risk': 0.51291393282267, 'reward': 0.8858158911818066, 'rr': 1.727026377129163}
VALUE_GATE: {'trade_allowed': True, 'risk': 0.4830539182219411, 'reward': 0.9599036396469813, 'rr': 1.9871563058224686}
VALUE_GATE: {'trade_allowed': True, 'risk': 0.21478688000000545, 'reward': 0.9658300355229983, 'rr': 4.496690093561458}
VALUE_GATE: {'trade_allowed': True, 'risk': 0.2652708907749286, 'reward': 0.8875093624567683, 'rr': 3.3456718898334885}
VALUE_GATE: {'trade_allowed': True, 'risk': 0.44841134216740386, 'reward': 0.8840743051217999, 'rr': 1.971569900191667}
VALUE_GATE: {'trade_allowed': True, 'risk': 0.2107459199999937, 'reward': 0.9410343187290522, 'rr': 4.465255216941236}
VALUE_GATE: {'trade_allowed': True, 'risk': 0.20602871081162277, 'reward': 0.8643213612958931, 'rr': 4.195150073458276}
VALUE_GATE: {'trade_allowed': True, 'risk': 0.25453019720114867, 'reward': 0.9346074799102126, 'rr': 3.671892334140677}
VALUE_GATE: {'trade_allowed': True, 'risk': 0.2919437659702879, 'reward': 0.8628792197070396, 'rr': 2.9556350238862703}
VALUE_GATE: {'trade_allowed': True, 'risk': 0.5037973715204771, 'reward': 1.227339825700895, 'rr': 2.436177509217134}
VALUE_GATE: {'trade_allowed': True, 'risk': 0.3352514726351217, 'reward': 0.948368241304621, 'rr': 2.8288264741995586}
VALUE_GATE: {'trade_allowed': True, 'risk': 0.39493883728184187, 'reward': 0.9444275181098334, 'rr': 2.39132602052975}
VALUE_GATE: {'trade_allowed': True, 'risk': 0.6192010191673916, 'reward': 1.5767116644880588, 'rr': 2.5463647760273127}
VALUE_GATE: {'trade_allowed': True, 'risk': 0.2094339668955172, 'reward': 0.9709972696104359, 'rr': 4.636293166785352}
VALUE_GATE: {'trade_allowed': True, 'risk': 0.213678079999994, 'reward': 0.9784979303954913, 'rr': 4.579308885569914}
VALUE_GATE: {'trade_allowed': True, 'risk': 0.21473760000000652, 'reward': 0.8878950051976773, 'rr': 4.134790577885058}
VALUE_GATE: {'trade_allowed': True, 'risk': 0.21279103999999904, 'reward': 0.932649655427312, 'rr': 4.38293668486848}
VALUE_GATE: {'trade_allowed': True, 'risk': 0.21114015999999936, 'reward': 0.9485248221458704, 'rr': 4.492394161991131}
VALUE_GATE: {'trade_allowed': True, 'risk': 0.2128895999999969, 'reward': 0.9175604932409556, 'rr': 4.310029673788522}
VALUE_GATE: {'trade_allowed': True, 'risk': 0.2089718400000038, 'reward': 0.8656341093221727, 'rr': 4.142348123661814}
VALUE_GATE: {'trade_allowed': True, 'risk': 0.20756735999999876, 'reward': 0.9531186780455698, 'rr': 4.591852389728209}
VALUE_GATE: {'trade_allowed': True, 'risk': 0.20756735999999876, 'reward': 0.9406684131381837, 'rr': 4.531870584749883}
VALUE_GATE: {'trade_allowed': True, 'risk': 0.31982609252091265, 'reward': 0.8558099429533428, 'rr': 2.6758602971000043}
VALUE_GATE: {'trade_allowed': True, 'risk': 0.2722990229162576, 'reward': 0.8568339826568376, 'rr': 3.1466656526356576}
VALUE_GATE: {'trade_allowed': True, 'risk': 0.326345443371693, 'reward': 0.9372938409322984, 'rr': 2.87209109233605}
VALUE_GATE: {'trade_allowed': True, 'risk': 0.2156913120498558, 'reward': 0.9278276944089754, 'rr': 4.301646114492146}
VALUE_GATE: {'trade_allowed': True, 'risk': 0.2038960000000003, 'reward': 0.9054655079312397, 'rr': 4.440820359061671}
VALUE_GATE: {'trade_allowed': True, 'risk': 0.2655363100885211, 'reward': 0.8434738726814572, 'rr': 3.176491653440054}
VALUE_GATE: {'trade_allowed': True, 'risk': 0.2043888000000038, 'reward': 0.8969558103092083, 'rr': 4.388478284080104}
VALUE_GATE: {'trade_allowed': True, 'risk': 0.20640928000000258, 'reward': 0.928447728217165, 'rr': 4.498091017114897}
VALUE_GATE: {'trade_allowed': True, 'risk': 0.20288576000000091, 'reward': 0.9565530030790654, 'rr': 4.7147370179112675}
VALUE_GATE: {'trade_allowed': True, 'risk': 0.24009568394291136, 'reward': 0.8363911691809705, 'rr': 3.4835743627105056}
VALUE_GATE: {'trade_allowed': True, 'risk': 0.22058437450739632, 'reward': 0.8661416225224201, 'rr': 3.9265774126416098}
VALUE_GATE: {'trade_allowed': True, 'risk': 0.1998303999999962, 'reward': 0.8968488135720349, 'rr': 4.488049934204466}
VALUE_GATE: {'trade_allowed': True, 'risk': 0.2261034643585731, 'reward': 0.8320608379515164, 'rr': 3.68000039412031}
VALUE_GATE: {'trade_allowed': True, 'risk': 0.4540956876995068, 'reward': 0.9041978860896052, 'rr': 1.99120562159566}
VALUE_GATE: {'trade_allowed': True, 'risk': 0.6399110021270502, 'reward': 0.8443865831453508, 'rr': 1.3195375299668675}
VALUE_GATE: {'trade_allowed': True, 'risk': 0.5611352919164716, 'reward': 0.826436392853239, 'rr': 1.4727934684533424}
VALUE_GATE: {'trade_allowed': True, 'risk': 0.21789460571483232, 'reward': 0.8624004053792476, 'rr': 3.957878638390464}
VALUE_GATE: {'trade_allowed': True, 'risk': 0.7281799999999947, 'reward': 0.9366292875213702, 'rr': 1.2862606601683333}
VALUE_GATE: {'trade_allowed': True, 'risk': 0.32532874012373725, 'reward': 0.8672534609812033, 'rr': 2.6657757339586645}
VALUE_GATE: {'trade_allowed': True, 'risk': 0.1944588799999991, 'reward': 0.7998890777906524, 'rr': 4.113409877659771}
VALUE_GATE: {'trade_allowed': True, 'risk': 0.3032393885134326, 'reward': 0.8202880068711949, 'rr': 2.7050839631766985}
VALUE_GATE: {'trade_allowed': True, 'risk': 0.2314758618024939, 'reward': 0.88579905263488, 'rr': 3.8267448093170313}
VALUE_GATE: {'trade_allowed': True, 'risk': 0.19672576000000674, 'reward': 0.8983883963396408, 'rr': 4.566704412983892}
VALUE_GATE: {'trade_allowed': True, 'risk': 0.40599609402261194, 'reward': 0.893167359238717, 'rr': 2.199940768861121}
VALUE_GATE: {'trade_allowed': True, 'risk': 0.19771135999999956, 'reward': 0.8899002949744528, 'rr': 4.501007402783809}
VALUE_GATE: {'trade_allowed': True, 'risk': 0.1984012799999988, 'reward': 0.8863492932005954, 'rr': 4.467457534551192}
VALUE_GATE: {'trade_allowed': True, 'risk': 0.20056959999999435, 'reward': 0.8295608704750634, 'rr': 4.136024953308412}
VALUE_GATE: {'trade_allowed': True, 'risk': 0.20000287999999955, 'reward': 0.8956090325449679, 'rr': 4.477980679803061}
VALUE_GATE: {'trade_allowed': True, 'risk': 0.26285942813146335, 'reward': 0.9357100116670125, 'rr': 3.559735400470543}
VALUE_GATE: {'trade_allowed': True, 'risk': 0.2865240743802957, 'reward': 0.8630737935789909, 'rr': 3.012220859436252}
VALUE_GATE: {'trade_allowed': True, 'risk': 0.7295600000000064, 'reward': 0.9326781388979128, 'rr': 1.27841183576115}
VALUE_GATE: {'trade_allowed': True, 'risk': 0.5308645511992722, 'reward': 1.1071225577344137, 'rr': 2.085508544944885}
VALUE_GATE: {'trade_allowed': True, 'risk': 0.47528889904648963, 'reward': 0.917325998218331, 'rr': 1.9300387618112753}
VALUE_GATE: {'trade_allowed': True, 'risk': 0.2745428184721561, 'reward': 0.794857163749441, 'rr': 2.8952028983051137}
VALUE_GATE: {'trade_allowed': True, 'risk': 0.2255022567914864, 'reward': 0.7885597210962203, 'rr': 3.496903899393665}
VALUE_GATE: {'trade_allowed': True, 'risk': 0.23442407404405685, 'reward': 0.8006637751644092, 'rr': 3.415450304877541}
VALUE_GATE: {'trade_allowed': True, 'risk': 0.1898834795893265, 'reward': 0.861374002975964, 'rr': 4.536329357556088}
VALUE_GATE: {'trade_allowed': True, 'risk': 0.25763946531253623, 'reward': 0.8109785596936518, 'rr': 3.147726450642464}
VALUE_GATE: {'trade_allowed': True, 'risk': 0.19695199056667434, 'reward': 0.8137627044500277, 'rr': 4.131782075970153}
VALUE_GATE: {'trade_allowed': True, 'risk': 0.2777164077836147, 'reward': 0.7976210930430625, 'rr': 2.872070467167126}
VALUE_GATE: {'trade_allowed': True, 'risk': 0.1904100544042393, 'reward': 0.8714663729880527, 'rr': 4.576787584640543}
VALUE_GATE: {'trade_allowed': True, 'risk': 0.19638080000000002, 'reward': 0.8625719388189168, 'rr': 4.392343542845923}
VALUE_GATE: {'trade_allowed': True, 'risk': 0.1957205597349514, 'reward': 0.867406340981006, 'rr': 4.431861129743674}
VALUE_GATE: {'trade_allowed': True, 'risk': 0.2852486580356981, 'reward': 0.9162602475177977, 'rr': 3.2121456901056837}
VALUE_GATE: {'trade_allowed': True, 'risk': 0.5828159949665093, 'reward': 0.8373917694009947, 'rr': 1.4368029989450002}
VALUE_GATE: {'trade_allowed': True, 'risk': 0.6621736670276022, 'reward': 1.3117910895825275, 'rr': 1.981037837809166}
VALUE_GATE: {'trade_allowed': True, 'risk': 0.6804321891025467, 'reward': 1.268268026359408, 'rr': 1.8639153859434325}
VALUE_GATE: {'trade_allowed': True, 'risk': 0.3895774780260126, 'reward': 0.8534473644621983, 'rr': 2.1906999572629617}
VALUE_GATE: {'trade_allowed': True, 'risk': 0.4221576264355065, 'reward': 0.9180057831405151, 'rr': 2.174556908735036}
VALUE_GATE: {'trade_allowed': True, 'risk': 0.2996951588879142, 'reward': 0.954805419877971, 'rr': 3.1859220663456482}
VALUE_GATE: {'trade_allowed': True, 'risk': 0.23757649732291952, 'reward': 0.9992927938089053, 'rr': 4.206193815757134}
VALUE_GATE: {'trade_allowed': True, 'risk': 0.20909503999999401, 'reward': 0.9645065448555528, 'rr': 4.612766256222914}
VALUE_GATE: {'trade_allowed': True, 'risk': 0.20823264000000563, 'reward': 0.8616792098074484, 'rr': 4.138060247458924}
VALUE_GATE: {'trade_allowed': True, 'risk': 0.20921823999999845, 'reward': 0.916351824957502, 'rr': 4.379884970629276}
VALUE_GATE: {'trade_allowed': True, 'risk': 0.2093167999999963, 'reward': 0.8907550706400826, 'rr': 4.2555354880262755}
VALUE_GATE: {'trade_allowed': True, 'risk': 0.2078876799999989, 'reward': 0.8591010842957729, 'rr': 4.132525238127519}
VALUE_GATE: {'trade_allowed': True, 'risk': 0.20936607999999524, 'reward': 0.894896197532475, 'rr': 4.274313191193603}
VALUE_GATE: {'trade_allowed': True, 'risk': 0.2118179925739696, 'reward': 0.9866869823121789, 'rr': 4.658183048201701}
VALUE_GATE: {'trade_allowed': True, 'risk': 0.21128799999999615, 'reward': 0.8720937726409659, 'rr': 4.1275120813343955}
VALUE_GATE: {'trade_allowed': True, 'risk': 0.21422015999999644, 'reward': 0.9591706927710675, 'rr': 4.477499656293243}
VALUE_GATE: {'trade_allowed': True, 'risk': 0.21333312000000149, 'reward': 0.9660580259334068, 'rr': 4.528401524964338}
VALUE_GATE: {'trade_allowed': True, 'risk': 0.2151811199999969, 'reward': 0.948381444759562, 'rr': 4.407363642124252}
VALUE_GATE: {'trade_allowed': True, 'risk': 0.21749728000000346, 'reward': 0.9775397105420751, 'rr': 4.4944916577442235}
VALUE_GATE: {'trade_allowed': True, 'risk': 0.2172508799999946, 'reward': 1.003852961515065, 'rr': 4.620708378788109}
VALUE_GATE: {'trade_allowed': True, 'risk': 0.21700447999999994, 'reward': 0.990643640475497, 'rr': 4.565083819815597}
VALUE_GATE: {'trade_allowed': True, 'risk': 0.2175465600000024, 'reward': 0.9892131993449595, 'rr': 4.5471332635411414}
VALUE_GATE: {'trade_allowed': True, 'risk': 0.21712768000000437, 'reward': 0.9788755094246113, 'rr': 4.50829442577101}
VALUE_GATE: {'trade_allowed': True, 'risk': 0.4654333675361073, 'reward': 1.0031139828580393, 'rr': 2.1552257590990616}
VALUE_GATE: {'trade_allowed': True, 'risk': 0.25880825498548177, 'reward': 0.9710250940166247, 'rr': 3.7519092815300494}
VALUE_GATE: {'trade_allowed': True, 'risk': 0.47536184377860025, 'reward': 0.91373032728022, 'rr': 1.9221785240840445}
VALUE_GATE: {'trade_allowed': True, 'risk': 0.22171072000000436, 'reward': 0.9111276723462822, 'rr': 4.109533685814851}
VALUE_GATE: {'trade_allowed': True, 'risk': 0.22173722577493038, 'reward': 1.0355273419044693, 'rr': 4.670065381604256}
VALUE_GATE: {'trade_allowed': True, 'risk': 0.5136289632814197, 'reward': 0.901388656018554, 'rr': 1.7549412522608834}
VALUE_GATE: {'trade_allowed': True, 'risk': 0.42416772174235007, 'reward': 1.053570499236315, 'rr': 2.4838535447925474}
VALUE_GATE: {'trade_allowed': True, 'risk': 0.2737891598319635, 'reward': 0.961504215003032, 'rr': 3.5118417967794984}
VALUE_GATE: {'trade_allowed': True, 'risk': 0.21486079999999674, 'reward': 0.8863576733783987, 'rr': 4.125264698718483}
VALUE_GATE: {'trade_allowed': True, 'risk': 0.3496317360938832, 'reward': 0.8815455926446418, 'rr': 2.5213546187006575}
VALUE_GATE: {'trade_allowed': True, 'risk': 0.23275695923688033, 'reward': 0.9373043013427349, 'rr': 4.026965743218986}
VALUE_GATE: {'trade_allowed': True, 'risk': 0.3870586972793717, 'reward': 0.8705178088383718, 'rr': 2.249058902324699}
VALUE_GATE: {'trade_allowed': True, 'risk': 0.2116083199999963, 'reward': 0.9760405044631568, 'rr': 4.612486429943652}
VALUE_GATE: {'trade_allowed': True, 'risk': 0.21229823999999553, 'reward': 0.9881110235171633, 'rr': 4.654353345167554}
VALUE_GATE: {'trade_allowed': True, 'risk': 0.22155352946087703, 'reward': 0.9419159588791928, 'rr': 4.251414821380766}
VALUE_GATE: {'trade_allowed': True, 'risk': 0.2491292073090534, 'reward': 0.8686430590003624, 'rr': 3.486717066950647}
VALUE_GATE: {'trade_allowed': True, 'risk': 0.209108910007771, 'reward': 0.9419184191941667, 'rr': 4.5044394289997625}
VALUE_GATE: {'trade_allowed': True, 'risk': 0.20916895999999952, 'reward': 0.9703317699367062, 'rr': 4.63898548779278}
VALUE_GATE: {'trade_allowed': True, 'risk': 0.2366336689305797, 'reward': 0.931363944192583, 'rr': 3.935889378724942}
VALUE_GATE: {'trade_allowed': True, 'risk': 0.21127243860200906, 'reward': 0.9258582109751217, 'rr': 4.382295282345065}
VALUE_GATE: {'trade_allowed': True, 'risk': 0.21163296000000287, 'reward': 0.9345384233017313, 'rr': 4.415845354625851}
VALUE_GATE: {'trade_allowed': True, 'risk': 0.212670750755791, 'reward': 0.9341497148769093, 'rr': 4.392469164457833}
VALUE_GATE: {'trade_allowed': True, 'risk': 0.3535229512771991, 'reward': 0.9141850028357936, 'rr': 2.585928295554923}
VALUE_GATE: {'trade_allowed': True, 'risk': 0.21890758524536125, 'reward': 0.9017945717151008, 'rr': 4.119521809645517}
VALUE_GATE: {'trade_allowed': True, 'risk': 0.3470438574457546, 'reward': 0.9740608534970647, 'rr': 2.8067370523891704}
VALUE_GATE: {'trade_allowed': True, 'risk': 0.36999738085320644, 'reward': 0.9626660131001756, 'rr': 2.601818453093607}
VALUE_GATE: {'trade_allowed': True, 'risk': 0.2636418734215624, 'reward': 0.8959151919356998, 'rr': 3.3982279836979257}
VALUE_GATE: {'trade_allowed': True, 'risk': 0.38140701529448506, 'reward': 1.0039729100210053, 'rr': 2.6322874770560682}
VALUE_GATE: {'trade_allowed': True, 'risk': 0.2604454630274091, 'reward': 0.8753109002546182, 'rr': 3.3608222238929963}
VALUE_GATE: {'trade_allowed': True, 'risk': 0.21197791999999538, 'reward': 0.8841648383354652, 'rr': 4.171023276082171}
VALUE_GATE: {'trade_allowed': True, 'risk': 0.2098342400000064, 'reward': 0.8719028392385866, 'rr': 4.155198118469893}
VALUE_GATE: {'trade_allowed': True, 'risk': 0.7713279999999969, 'reward': 1.042225181179134, 'rr': 1.351208799860939}
VALUE_GATE: {'trade_allowed': True, 'risk': 0.7329123226098915, 'reward': 1.4758359391459521, 'rr': 2.0136596065004326}
VALUE_GATE: {'trade_allowed': True, 'risk': 0.30279289551970123, 'reward': 0.9441516610010581, 'rr': 3.118143374469058}
VALUE_GATE: {'trade_allowed': True, 'risk': 0.20929216000000395, 'reward': 0.9281425068029847, 'rr': 4.4346740308044375}
VALUE_GATE: {'trade_allowed': True, 'risk': 0.24133275696249257, 'reward': 0.9613201519148049, 'rr': 3.9833803086425243}
VALUE_GATE: {'trade_allowed': True, 'risk': 0.20998208000000318, 'reward': 0.9313585516974712, 'rr': 4.435419211474889}
VALUE_GATE: {'trade_allowed': True, 'risk': 0.2100313600000021, 'reward': 0.9723619546729054, 'rr': 4.629603668104114}
VALUE_GATE: {'trade_allowed': True, 'risk': 0.2073948799999954, 'reward': 0.8615805384942092, 'rr': 4.154299944599541}
VALUE_GATE: {'trade_allowed': True, 'risk': 0.21230986691065823, 'reward': 0.9272876791372511, 'rr': 4.3676146221101515}
VALUE_GATE: {'trade_allowed': True, 'risk': 0.2101791999999989, 'reward': 0.9446557378553848, 'rr': 4.494525328174195}
VALUE_GATE: {'trade_allowed': True, 'risk': 0.20993280000000425, 'reward': 0.9530561447914891, 'rr': 4.539815335152343}
VALUE_GATE: {'trade_allowed': True, 'risk': 0.20924288000000502, 'reward': 0.8624927584463933, 'rr': 4.121969447401855}
VALUE_GATE: {'trade_allowed': True, 'risk': 0.211534400000005, 'reward': 0.9776399182276805, 'rr': 4.6216592583885046}
VALUE_GATE: {'trade_allowed': True, 'risk': 0.21049951999999905, 'reward': 0.8727686357667181, 'rr': 4.14617874552266}
VALUE_GATE: {'trade_allowed': True, 'risk': 0.6654980437904499, 'reward': 0.8549253228480467, 'rr': 1.2846398735880329}
VALUE_GATE: {'trade_allowed': True, 'risk': 0.24676603838211975, 'reward': 0.9058067872907003, 'rr': 3.6707109018302155}
VALUE_GATE: {'trade_allowed': True, 'risk': 0.33352664658420395, 'reward': 0.9560226356352075, 'rr': 2.8664055643717354}
VALUE_GATE: {'trade_allowed': True, 'risk': 0.20276255999999648, 'reward': 0.9157940866120953, 'rr': 4.516583764833661}
VALUE_GATE: {'trade_allowed': True, 'risk': 0.20091456000000107, 'reward': 0.8996319461694071, 'rr': 4.477684176644053}
VALUE_GATE: {'trade_allowed': True, 'risk': 0.20096384, 'reward': 0.8938150498292288, 'rr': 4.447641176786972}
VALUE_GATE: {'trade_allowed': True, 'risk': 0.2011856000000023, 'reward': 0.8968246057478808, 'rr': 4.457697796203459}
VALUE_GATE: {'trade_allowed': True, 'risk': 0.20130880000000673, 'reward': 0.8918774149967703, 'rr': 4.430394572898654}
VALUE_GATE: {'trade_allowed': True, 'risk': 0.20180159999999603, 'reward': 0.8879885472902345, 'rr': 4.400304790894879}
VALUE_GATE: {'trade_allowed': True, 'risk': 0.2708570763695235, 'reward': 0.9107642564205776, 'rr': 3.3625270885595944}
VALUE_GATE: {'trade_allowed': True, 'risk': 0.2014073600000046, 'reward': 0.9134327590845146, 'rr': 4.535250147186745}
VALUE_GATE: {'trade_allowed': True, 'risk': 0.34451621396902965, 'reward': 0.8257964787286625, 'rr': 2.3969742068595283}
VALUE_GATE: {'trade_allowed': True, 'risk': 0.47584633978334523, 'reward': 0.8241859265848319, 'rr': 1.7320421692433048}
VALUE_GATE: {'trade_allowed': True, 'risk': 0.2932589902347331, 'reward': 0.9487062623515783, 'rr': 3.235045792090486}
VALUE_GATE: {'trade_allowed': True, 'risk': 0.20249151999999526, 'reward': 0.9218738253847931, 'rr': 4.5526539846449605}
VALUE_GATE: {'trade_allowed': True, 'risk': 0.32254494269916734, 'reward': 0.9352313738017983, 'rr': 2.89953817280612}
VALUE_GATE: {'trade_allowed': True, 'risk': 0.20451199999999403, 'reward': 0.8937142416305761, 'rr': 4.369984360969538}
VALUE_GATE: {'trade_allowed': True, 'risk': 0.20426559999999938, 'reward': 0.9451059069700705, 'rr': 4.626848118185702}
VALUE_GATE: {'trade_allowed': True, 'risk': 0.20571936000000335, 'reward': 0.9051601900749091, 'rr': 4.399975724573975}
VALUE_GATE: {'trade_allowed': True, 'risk': 0.2062614400000058, 'reward': 0.8487187322549943, 'rr': 4.114771681294237}
VALUE_GATE: {'trade_allowed': True, 'risk': 0.20751807999999983, 'reward': 0.8483145535437302, 'rr': 4.0879067189891645}
VALUE_GATE: {'trade_allowed': True, 'risk': 0.26608567449855514, 'reward': 0.8538323099763829, 'rr': 3.2088623770725366}
VALUE_GATE: {'trade_allowed': True, 'risk': 0.7652559999999937, 'reward': 0.9814220604357757, 'rr': 1.2824754858972471}
VALUE_GATE: {'trade_allowed': True, 'risk': 0.4399802972058211, 'reward': 0.9325201953119375, 'rr': 2.1194589876730507}
VALUE_GATE: {'trade_allowed': True, 'risk': 0.6198684778920978, 'reward': 1.1915737984486583, 'rr': 1.922301005691854}
VALUE_GATE: {'trade_allowed': True, 'risk': 0.21461984354723995, 'reward': 0.9714103440973219, 'rr': 4.526190719561795}
VALUE_GATE: {'trade_allowed': True, 'risk': 0.21886225247544644, 'reward': 0.9108240134860637, 'rr': 4.161631360292459}
VALUE_GATE: {'trade_allowed': True, 'risk': 0.2444654144802456, 'reward': 0.9462749285784469, 'rr': 3.8707926460285123}
VALUE_GATE: {'trade_allowed': True, 'risk': 0.20823264000000563, 'reward': 0.9612151901536947, 'rr': 4.616063985711696}
VALUE_GATE: {'trade_allowed': True, 'risk': 0.20734559999999647, 'reward': 0.9374449675399461, 'rr': 4.521171259674486}
VALUE_GATE: {'trade_allowed': True, 'risk': 0.20916895999999952, 'reward': 0.8697143566675294, 'rr': 4.1579513359321165}
VALUE_GATE: {'trade_allowed': True, 'risk': 0.21049951999999905, 'reward': 0.9866975250680099, 'rr': 4.687409857599744}
VALUE_GATE: {'trade_allowed': True, 'risk': 0.2104009600000012, 'reward': 0.9650256687830705, 'rr': 4.586602973594156}
VALUE_GATE: {'trade_allowed': True, 'risk': 0.2623244925521959, 'reward': 0.9554777504269225, 'rr': 3.6423505145513877}
VALUE_GATE: {'trade_allowed': True, 'risk': 0.2124707199999989, 'reward': 0.9734035333177928, 'rr': 4.581353766381541}
VALUE_GATE: {'trade_allowed': True, 'risk': 0.21251999999999782, 'reward': 0.9556166413816101, 'rr': 4.496596279793054}
VALUE_GATE: {'trade_allowed': True, 'risk': 0.5306325137869123, 'reward': 0.8639294660905108, 'rr': 1.62811257064704}
VALUE_GATE: {'trade_allowed': True, 'risk': 0.20820799999999906, 'reward': 0.9138153515025209, 'rr': 4.388954081987844}
VALUE_GATE: {'trade_allowed': True, 'risk': 0.2365283272153249, 'reward': 0.854984417562008, 'rr': 3.614723139624913}
VALUE_GATE: {'trade_allowed': True, 'risk': 0.20381500590677604, 'reward': 0.9421997413830496, 'rr': 4.62281831110123}
VALUE_GATE: {'trade_allowed': True, 'risk': 0.20470912000000396, 'reward': 0.8465339216971728, 'rr': 4.135301454557356}
VALUE_GATE: {'trade_allowed': True, 'risk': 0.20495551999999861, 'reward': 0.9065200826747741, 'rr': 4.423008868825686}
VALUE_GATE: {'trade_allowed': True, 'risk': 0.20401920000000473, 'reward': 0.9088355044353165, 'rr': 4.454656740322947}
VALUE_GATE: {'trade_allowed': True, 'risk': 0.6560519719201068, 'reward': 0.8320363540664175, 'rr': 1.2682476231741926}
VALUE_GATE: {'trade_allowed': True, 'risk': 0.6210500002750621, 'reward': 0.8108163200797094, 'rr': 1.305557233267209}
VALUE_GATE: {'trade_allowed': True, 'risk': 0.19209343999999362, 'reward': 0.8992939688814658, 'rr': 4.681544402981673}
VALUE_GATE: {'trade_allowed': True, 'risk': 0.19137888000000203, 'reward': 0.8361113674651506, 'rr': 4.368880032452597}
VALUE_GATE: {'trade_allowed': True, 'risk': 0.1925369599999982, 'reward': 0.8947331103112361, 'rr': 4.647071971590517}
VALUE_GATE: {'trade_allowed': True, 'risk': 0.2667893514389874, 'reward': 0.8839573588487752, 'rr': 3.3133157454784294}
VALUE_GATE: {'trade_allowed': True, 'risk': 0.6552542566296182, 'reward': 1.1702493534746452, 'rr': 1.7859469688819243}
VALUE_GATE: {'trade_allowed': True, 'risk': 0.1984012799999988, 'reward': 0.8962090816654467, 'rr': 4.517153728370362}
VALUE_GATE: {'trade_allowed': True, 'risk': 0.1975388799999962, 'reward': 0.8236391384770059, 'rr': 4.169503940070035}
VALUE_GATE: {'trade_allowed': True, 'risk': 0.19564160000000186, 'reward': 0.8050071977934152, 'rr': 4.114703610036964}
VALUE_GATE: {'trade_allowed': True, 'risk': 0.5378555032324641, 'reward': 0.8098983652820948, 'rr': 1.5057917236407865}
VALUE_GATE: {'trade_allowed': True, 'risk': 0.34351679524409917, 'reward': 0.8935604377872153, 'rr': 2.601213245344413}
VALUE_GATE: {'trade_allowed': True, 'risk': 0.20837309789177993, 'reward': 0.8637253086427137, 'rr': 4.145090308592982}
VALUE_GATE: {'trade_allowed': True, 'risk': 0.193103679999993, 'reward': 0.8379479426999836, 'rr': 4.33936806745482}
VALUE_GATE: {'trade_allowed': True, 'risk': 0.19298048000000279, 'reward': 0.8772448170311264, 'rr': 4.54576969147923}
VALUE_GATE: {'trade_allowed': True, 'risk': 0.19187168000000554, 'reward': 0.8473043687514945, 'rr': 4.415994943868058}
VALUE_GATE: {'trade_allowed': True, 'risk': 0.18938303999999562, 'reward': 0.8338608804122885, 'rr': 4.4030388381784755}
VALUE_GATE: {'trade_allowed': True, 'risk': 0.18898880000000418, 'reward': 0.8631111569392971, 'rr': 4.5669963349112646}
VALUE_GATE: {'trade_allowed': True, 'risk': 0.35497015833780665, 'reward': 0.8837021566041869, 'rr': 2.4895111204339986}
VALUE_GATE: {'trade_allowed': True, 'risk': 0.18886559999999974, 'reward': 0.8215631627901132, 'rr': 4.349988366278001}
VALUE_GATE: {'trade_allowed': True, 'risk': 0.18945696000000112, 'reward': 0.8358974449871965, 'rr': 4.412070398401788}
VALUE_GATE: {'trade_allowed': True, 'risk': 0.18822495999999944, 'reward': 0.7803606420742142, 'rr': 4.145893520573555}
VALUE_GATE: {'trade_allowed': True, 'risk': 0.23878127322727494, 'reward': 0.8342349449571742, 'rr': 3.493720146818797}
VALUE_GATE: {'trade_allowed': True, 'risk': 0.4539535185345187, 'reward': 0.7901448606029362, 'rr': 1.7405853867015537}
VALUE_GATE: {'trade_allowed': True, 'risk': 0.19221663999999805, 'reward': 0.7933257951727342, 'rr': 4.127248271391812}
VALUE_GATE: {'trade_allowed': True, 'risk': 0.19251232000000584, 'reward': 0.8511562552724712, 'rr': 4.421307972769978}
VALUE_GATE: {'trade_allowed': True, 'risk': 0.23499492332707916, 'reward': 0.8060411699655106, 'rr': 3.430036523995955}
VALUE_GATE: {'trade_allowed': True, 'risk': 0.22691064404794759, 'reward': 0.8805332676692927, 'rr': 3.8805287048730546}
VALUE_GATE: {'trade_allowed': True, 'risk': 0.6893005478342644, 'reward': 1.390745988893201, 'rr': 2.017619155044676}
VALUE_GATE: {'trade_allowed': True, 'risk': 0.28605073963348104, 'reward': 0.9055881067803995, 'rr': 3.1658303276570314}
VALUE_GATE: {'trade_allowed': True, 'risk': 0.20685279999999295, 'reward': 0.920682057119194, 'rr': 4.4509044940132565}
VALUE_GATE: {'trade_allowed': True, 'risk': 0.28719557307151433, 'reward': 0.9766824195653356, 'rr': 3.400757223100137}
VALUE_GATE: {'trade_allowed': True, 'risk': 0.37475750487614334, 'reward': 0.9957251038394048, 'rr': 2.6569850927161287}
VALUE_GATE: {'trade_allowed': True, 'risk': 0.36288366905782254, 'reward': 1.0515188356015273, 'rr': 2.8976747240559244}
VALUE_GATE: {'trade_allowed': True, 'risk': 0.22121792000000084, 'reward': 1.0311046150373926, 'rr': 4.661035665814906}
VALUE_GATE: {'trade_allowed': True, 'risk': 0.5406891429362446, 'reward': 1.3537599066969648, 'rr': 2.5037675055676}
VALUE_GATE: {'trade_allowed': True, 'risk': 0.22212960000000237, 'reward': 0.9162619449455605, 'rr': 4.12489800974544}
VALUE_GATE: {'trade_allowed': True, 'risk': 0.46230043229650164, 'reward': 1.0042875541162033, 'rr': 2.1723699221464106}
VALUE_GATE: {'trade_allowed': True, 'risk': 0.6067825421133932, 'reward': 1.3251421882269199, 'rr': 2.1838831809687798}
VALUE_GATE: {'trade_allowed': True, 'risk': 0.21663576455050304, 'reward': 0.9048318026925131, 'rr': 4.176742490188294}
VALUE_GATE: {'trade_allowed': True, 'risk': 0.6142697689569587, 'reward': 0.9059372778100396, 'rr': 1.474819897694685}
VALUE_GATE: {'trade_allowed': True, 'risk': 0.5189657614782419, 'reward': 0.88611438970743, 'rr': 1.707462140052145}
VALUE_GATE: {'trade_allowed': True, 'risk': 0.30099279702889703, 'reward': 0.9554556742635469, 'rr': 3.1743473056327582}
VALUE_GATE: {'trade_allowed': True, 'risk': 0.6882789043003754, 'reward': 0.8845759238939621, 'rr': 1.2851998199670518}
VALUE_GATE: {'trade_allowed': True, 'risk': 0.38527763919150004, 'reward': 0.965594168304321, 'rr': 2.5062294565825503}
VALUE_GATE: {'trade_allowed': True, 'risk': 0.7578723341712248, 'reward': 1.7251352277368568, 'rr': 2.276287377112647}
VALUE_GATE: {'trade_allowed': True, 'risk': 0.26607597926280846, 'reward': 0.9554100208282961, 'rr': 3.590741349427183}
VALUE_GATE: {'trade_allowed': True, 'risk': 0.21264192717832486, 'reward': 0.9596698389228351, 'rr': 4.513079107480252}
VALUE_GATE: {'trade_allowed': True, 'risk': 0.21446972184608626, 'reward': 0.9863357428612147, 'rr': 4.598951005163594}
VALUE_GATE: {'trade_allowed': True, 'risk': 0.21449119999999766, 'reward': 0.8841455759121857, 'rr': 4.12205990694348}
VALUE_GATE: {'trade_allowed': True, 'risk': 0.21628991999999414, 'reward': 0.9223467425049137, 'rr': 4.264400035401274}
VALUE_GATE: {'trade_allowed': True, 'risk': 0.5812104116617576, 'reward': 0.8684212204680506, 'rr': 1.4941597793905985}
VALUE_GATE: {'trade_allowed': True, 'risk': 0.5083018864229985, 'reward': 0.8595638089810933, 'rr': 1.6910498110286016}
VALUE_GATE: {'trade_allowed': True, 'risk': 0.3089304005717395, 'reward': 0.9141756708468449, 'rr': 2.959163841289087}
VALUE_GATE: {'trade_allowed': True, 'risk': 0.20480768000000182, 'reward': 0.909198112159487, 'rr': 4.439277434124926}
VALUE_GATE: {'trade_allowed': True, 'risk': 0.21457516203034288, 'reward': 0.9196386072300697, 'rr': 4.285857685150085}
VALUE_GATE: {'trade_allowed': True, 'risk': 0.20584886529871937, 'reward': 0.8389994140921004, 'rr': 4.07580295803224}
VALUE_GATE: {'trade_allowed': True, 'risk': 0.20143199999999695, 'reward': 0.907089881956864, 'rr': 4.503206451590997}
VALUE_GATE: {'trade_allowed': True, 'risk': 0.3081942845061576, 'reward': 0.89675042118877, 'rr': 2.9096919257464466}
VALUE_GATE: {'trade_allowed': True, 'risk': 0.2010377600000055, 'reward': 0.9212515448326286, 'rr': 4.582480151154705}
VALUE_GATE: {'trade_allowed': True, 'risk': 0.19614885781143698, 'reward': 0.9203956080914821, 'rr': 4.692332233595173}
VALUE_GATE: {'trade_allowed': True, 'risk': 0.20116095999999573, 'reward': 0.8857378709057571, 'rr': 4.403130065126831}
VALUE_GATE: {'trade_allowed': True, 'risk': 0.20059424000000092, 'reward': 0.834529016290503, 'rr': 4.160284045496517}
VALUE_GATE: {'trade_allowed': True, 'risk': 0.40298278055725234, 'reward': 0.7949565480178791, 'rr': 1.972681182353742}
VALUE_GATE: {'trade_allowed': True, 'risk': 0.4571048301941403, 'reward': 0.8594849505073938, 'rr': 1.8802797383312615}
VALUE_GATE: {'trade_allowed': True, 'risk': 0.19463136000000247, 'reward': 0.883362574818733, 'rr': 4.538644619339462}
VALUE_GATE: {'trade_allowed': True, 'risk': 0.1930647531926013, 'reward': 0.8661396790675155, 'rr': 4.486265176551698}
VALUE_GATE: {'trade_allowed': True, 'risk': 0.7023435895842312, 'reward': 1.5604560983922369, 'rr': 2.2217844962691062}
VALUE_GATE: {'trade_allowed': True, 'risk': 0.4056041092402438, 'reward': 0.9166420960207091, 'rr': 2.25994282389721}
VALUE_GATE: {'trade_allowed': True, 'risk': 0.19995360000000062, 'reward': 0.9150929489010622, 'rr': 4.576526498652984}
VALUE_GATE: {'trade_allowed': True, 'risk': 0.19985504000000276, 'reward': 0.8272193495341753, 'rr': 4.139096765006096}
VALUE_GATE: {'trade_allowed': True, 'risk': 0.34993576883967137, 'reward': 0.8272119126537376, 'rr': 2.363896424182742}
VALUE_GATE: {'trade_allowed': True, 'risk': 0.35372950117465507, 'reward': 0.9247674107304249, 'rr': 2.6143349866479415}
VALUE_GATE: {'trade_allowed': True, 'risk': 0.2847502008149263, 'reward': 0.9375149724251912, 'rr': 3.292411979840991}
VALUE_GATE: {'trade_allowed': True, 'risk': 0.3657603454451106, 'reward': 0.9179122021424746, 'rr': 2.5096001072107064}
VALUE_GATE: {'trade_allowed': True, 'risk': 0.20780487817327753, 'reward': 0.9465264993940394, 'rr': 4.554881038956077}
