VALUE_GATE: {'trade_allowed': True, 'risk': 0.4891435257642627, 'reward': 1.3473087503417105, 'rr': 2.754424170771977}
VALUE_GATE: {'trade_allowed': True, 'risk': 0.4624277872587186, 'reward': 1.3498264890463076, 'rr': 2.918999520007452}
VALUE_GATE: {'trade_allowed': True, 'risk': 0.3797147521906936, 'reward': 1.4958519458191688, 'rr': 3.939409615215446}
VALUE_GATE: {'trade_allowed': True, 'risk': 0.3238681599999893, 'reward': 1.4344250595979418, 'rr': 4.429040074819301}
VALUE_GATE: {'trade_allowed': True, 'risk': 0.32689887999998746, 'reward': 1.4851431206066366, 'rr': 4.543126977390359}
VALUE_GATE: {'trade_allowed': True, 'risk': 0.3272192000000018, 'reward': 1.5075711505498077, 'rr': 4.607220941038299}
VALUE_GATE: {'trade_allowed': True, 'risk': 0.32734239999999204, 'reward': 1.5205278441775079, 'rr': 4.645068418199246}
VALUE_GATE: {'trade_allowed': True, 'risk': 0.3274409599999899, 'reward': 1.5414009159386524, 'rr': 4.707416310832646}
VALUE_GATE: {'trade_allowed': True, 'risk': 0.3265292799999884, 'reward': 1.4927603488194165, 'rr': 4.571597220376285}
VALUE_GATE: {'trade_allowed': True, 'risk': 0.325519039999989, 'reward': 1.4754152972111854, 'rr': 4.532500763123519}
VALUE_GATE: {'trade_allowed': True, 'risk': 0.36560971460710334, 'reward': 1.3305929879447547, 'rr': 3.639380833670285}
VALUE_GATE: {'trade_allowed': True, 'risk': 0.3207388799999933, 'reward': 1.4478137837441238, 'rr': 4.513995259147111}
VALUE_GATE: {'trade_allowed': True, 'risk': 0.32524799999998777, 'reward': 1.4983286223266248, 'rr': 4.606726628070522}
VALUE_GATE: {'trade_allowed': True, 'risk': 0.3246566400000006, 'reward': 1.506212209315521, 'rr': 4.639400596628851}
VALUE_GATE: {'trade_allowed': True, 'risk': 0.32877152000000365, 'reward': 1.5312857326888434, 'rr': 4.657598482644806}
VALUE_GATE: {'trade_allowed': True, 'risk': 0.3315312000000006, 'reward': 1.4547941236297106, 'rr': 4.388106228402359}
VALUE_GATE: {'trade_allowed': True, 'risk': 0.3385664988806809, 'reward': 1.4856646980282449, 'rr': 4.388103084445544}
VALUE_GATE: {'trade_allowed': True, 'risk': 0.3297324799999899, 'reward': 1.4992925522103349, 'rr': 4.546996863064205}
VALUE_GATE: {'trade_allowed': True, 'risk': 0.3291657599999951, 'reward': 1.463452887831039, 'rr': 4.445945069836732}
VALUE_GATE: {'trade_allowed': True, 'risk': 0.33332992000001127, 'reward': 1.4948973777480603, 'rr': 4.484738056961732}
VALUE_GATE: {'trade_allowed': True, 'risk': 0.3971540317407971, 'reward': 1.5001814548455457, 'rr': 3.7773290334482623}
VALUE_GATE: {'trade_allowed': True, 'risk': 0.32622538634333864, 'reward': 1.471858477834644, 'rr': 4.51178399796751}
VALUE_GATE: {'trade_allowed': True, 'risk': 0.32941216000000395, 'reward': 1.448456399718566, 'rr': 4.39709450834647}
VALUE_GATE: {'trade_allowed': True, 'risk': 0.420589087837584, 'reward': 1.4282722275239053, 'rr': 3.395885125948516}
VALUE_GATE: {'trade_allowed': True, 'risk': 0.6057583999939027, 'reward': 1.3875359893432346, 'rr': 2.2905765555330326}
VALUE_GATE: {'trade_allowed': True, 'risk': 0.3374447999999859, 'reward': 1.4843607898853293, 'rr': 4.398825496452727}
VALUE_GATE: {'trade_allowed': True, 'risk': 0.33406912000000943, 'reward': 1.5106811598734282, 'rr': 4.522061661590827}
VALUE_GATE: {'trade_allowed': True, 'risk': 0.3846193900950823, 'reward': 1.387479224624883, 'rr': 3.6074084155816544}
VALUE_GATE: {'trade_allowed': True, 'risk': 0.42413771621377805, 'reward': 1.4855151983987298, 'rr': 3.5024359815479977}
VALUE_GATE: {'trade_allowed': True, 'risk': 0.33177760000000944, 'reward': 1.4953228862705714, 'rr': 4.507003746698176}
VALUE_GATE: {'trade_allowed': True, 'risk': 0.573113122311014, 'reward': 1.4027972625300151, 'rr': 2.447679538157133}
VALUE_GATE: {'trade_allowed': True, 'risk': 0.3324921599999868, 'reward': 1.5941264347126207, 'rr': 4.794478265931696}
VALUE_GATE: {'trade_allowed': True, 'risk': 0.34106687999999963, 'reward': 1.495716535994319, 'rr': 4.385405396133217}
VALUE_GATE: {'trade_allowed': True, 'risk': 0.3407958399999984, 'reward': 1.4056857683483202, 'rr': 4.124715161864437}
VALUE_GATE: {'trade_allowed': True, 'risk': 0.34077120000000605, 'reward': 1.4045819418741416, 'rr': 4.121774204727737}
VALUE_GATE: {'trade_allowed': True, 'risk': 0.33480396974889004, 'reward': 1.4369815509634805, 'rr': 4.292008700020034}
VALUE_GATE: {'trade_allowed': True, 'risk': 0.40560515137443076, 'reward': 1.403093441467064, 'rr': 3.459259421909587}
VALUE_GATE: {'trade_allowed': True, 'risk': 0.3394406399999923, 'reward': 1.5804839768458123, 'rr': 4.656142460861045}
VALUE_GATE: {'trade_allowed': True, 'risk': 0.3425699199999883, 'reward': 1.5169119511893996, 'rr': 4.428036037692543}
VALUE_GATE: {'trade_allowed': True, 'risk': 0.339095680000014, 'reward': 1.4041501585443825, 'rr': 4.140867139753372}
VALUE_GATE: {'trade_allowed': True, 'risk': 0.4790488622670068, 'reward': 1.4047275011715499, 'rr': 2.932326140018257}
VALUE_GATE: {'trade_allowed': True, 'risk': 0.3432105599999886, 'reward': 1.4688604450681453, 'rr': 4.279764716645648}
VALUE_GATE: {'trade_allowed': True, 'risk': 0.3504657066636412, 'reward': 1.5676562040146962, 'rr': 4.473065906899848}
VALUE_GATE: {'trade_allowed': True, 'risk': 1.3134839999999883, 'reward': 3.6086466782332423, 'rr': 2.747385334144363}
VALUE_GATE: {'trade_allowed': True, 'risk': 0.9490404052085069, 'reward': 1.3918762299592515, 'rr': 1.4666143004242822}
VALUE_GATE: {'trade_allowed': True, 'risk': 0.6789058332189484, 'reward': 1.616759344702615, 'rr': 2.381419138847209}
VALUE_GATE: {'trade_allowed': True, 'risk': 0.5688362756762615, 'reward': 1.6672444414637084, 'rr': 2.930974188454496}
VALUE_GATE: {'trade_allowed': True, 'risk': 0.42277274608596827, 'reward': 1.4306938526445379, 'rr': 3.384073041344096}
VALUE_GATE: {'trade_allowed': True, 'risk': 0.34370336000000634, 'reward': 1.519462894189786, 'rr': 4.420855513864508}
VALUE_GATE: {'trade_allowed': True, 'risk': 0.3419812284317345, 'reward': 1.5395898235917116, 'rr': 4.501971732928145}
VALUE_GATE: {'trade_allowed': True, 'risk': 0.3424467199999981, 'reward': 1.615041237717037, 'rr': 4.716182528239855}
VALUE_GATE: {'trade_allowed': True, 'risk': 0.33904640000000086, 'reward': 1.564245148717589, 'rr': 4.613660987751485}
VALUE_GATE: {'trade_allowed': True, 'risk': 0.3308495458325069, 'reward': 1.3933322361012301, 'rr': 4.2113772065040305}
VALUE_GATE: {'trade_allowed': True, 'risk': 0.3339459199999908, 'reward': 1.5125924473694567, 'rr': 4.529453294022872}
VALUE_GATE: {'trade_allowed': True, 'risk': 0.33404447999998865, 'reward': 1.5097622155001034, 'rr': 4.51964425665754}
VALUE_GATE: {'trade_allowed': True, 'risk': 0.3351040000000012, 'reward': 1.5276868423374594, 'rr': 4.558843947960795}
VALUE_GATE: {'trade_allowed': True, 'risk': 0.45572704527515384, 'reward': 1.5200335782162142, 'rr': 3.335403492014535}
VALUE_GATE: {'trade_allowed': True, 'risk': 0.3368684664711452, 'reward': 1.5932474225020883, 'rr': 4.72958314915047}
VALUE_GATE: {'trade_allowed': True, 'risk': 0.47031395341147686, 'reward': 1.3877896512572363, 'rr': 2.9507728639364044}
VALUE_GATE: {'trade_allowed': True, 'risk': 0.32173753169385577, 'reward': 1.5094256967922774, 'rr': 4.691481559038463}
VALUE_GATE: {'trade_allowed': True, 'risk': 0.3320979199999954, 'reward': 1.4768942107511691, 'rr': 4.447164892665361}
VALUE_GATE: {'trade_allowed': True, 'risk': 0.33204864000001066, 'reward': 1.4962755815495257, 'rr': 4.50619397673027}
VALUE_GATE: {'trade_allowed': True, 'risk': 0.886394224837801, 'reward': 1.9416954657630185, 'rr': 2.190555185666202}
VALUE_GATE: {'trade_allowed': True, 'risk': 0.4701806535129549, 'reward': 1.578163601689198, 'rr': 3.3565047602404485}
VALUE_GATE: {'trade_allowed': True, 'risk': 0.3343853347060133, 'reward': 1.5552486868349433, 'rr': 4.651067273037842}
VALUE_GATE: {'trade_allowed': True, 'risk': 0.34291487999999504, 'reward': 1.5332474815851072, 'rr': 4.471218868032584}
VALUE_GATE: {'trade_allowed': True, 'risk': 0.3414364799999987, 'reward': 1.4053845952547306, 'rr': 4.116093849300274}
VALUE_GATE: {'trade_allowed': True, 'risk': 0.34441792000001215, 'reward': 1.5649775362660705, 'rr': 4.543833074266331}
VALUE_GATE: {'trade_allowed': True, 'risk': 0.3439497599999868, 'reward': 1.4250697878918572, 'rr': 4.143249839429782}
VALUE_GATE: {'trade_allowed': True, 'risk': 0.34668479999999136, 'reward': 1.541444614221632, 'rr': 4.446242276043456}
VALUE_GATE: {'trade_allowed': True, 'risk': 0.34189438901319136, 'reward': 1.5122621038472346, 'rr': 4.423184914534783}
VALUE_GATE: {'trade_allowed': True, 'risk': 0.3406479999999874, 'reward': 1.4008869241962145, 'rr': 4.112417874745386}
VALUE_GATE: {'trade_allowed': True, 'risk': 0.3426684799999862, 'reward': 1.5953820538258299, 'rr': 4.655759566289535}
VALUE_GATE: {'trade_allowed': True, 'risk': 0.3421756799999969, 'reward': 1.5422226279078188, 'rr': 4.50710765858004}
VALUE_GATE: {'trade_allowed': True, 'risk': 0.34104224000000727, 'reward': 1.5698457155682206, 'rr': 4.603082936495453}
VALUE_GATE: {'trade_allowed': True, 'risk': 0.3369846504245402, 'reward': 1.4815499036098743, 'rr': 4.396490765212562}
VALUE_GATE: {'trade_allowed': True, 'risk': 0.405605212367135, 'reward': 1.5731862256235445, 'rr': 3.878614420269258}
VALUE_GATE: {'trade_allowed': True, 'risk': 0.9964673148827217, 'reward': 1.927902758362336, 'rr': 1.9347375770064659}
VALUE_GATE: {'trade_allowed': True, 'risk': 0.3395483771506065, 'reward': 1.556698540811709, 'rr': 4.584614875426827}
VALUE_GATE: {'trade_allowed': True, 'risk': 0.36690576880772596, 'reward': 1.4042180175339638, 'rr': 3.827189804338653}
VALUE_GATE: {'trade_allowed': True, 'risk': 0.3370751999999868, 'reward': 1.5138206929582907, 'rr': 4.491047377434916}
VALUE_GATE: {'trade_allowed': True, 'risk': 0.355691124215042, 'reward': 1.5339875529726896, 'rr': 4.3126956185875445}
VALUE_GATE: {'trade_allowed': True, 'risk': 0.44345793808767553, 'reward': 1.4752189079913478, 'rr': 3.326626453802895}
VALUE_GATE: {'trade_allowed': True, 'risk': 0.3381593599999917, 'reward': 1.482082717557546, 'rr': 4.382793714648568}
VALUE_GATE: {'trade_allowed': True, 'risk': 0.3419539200000088, 'reward': 1.529740447701812, 'rr': 4.473528034718165}
VALUE_GATE: {'trade_allowed': True, 'risk': 0.5455154756879494, 'reward': 1.4208069410865676, 'rr': 2.604521786104763}
VALUE_GATE: {'trade_allowed': True, 'risk': 0.3446643199999926, 'reward': 1.4355721240219168, 'rr': 4.165131232678647}
VALUE_GATE: {'trade_allowed': True, 'risk': 0.3430536766063028, 'reward': 1.5375968558154796, 'rr': 4.482088258100977}
VALUE_GATE: {'trade_allowed': True, 'risk': 0.341387200000014, 'reward': 1.5481008490209263, 'rr': 4.534736068080065}
VALUE_GATE: {'trade_allowed': True, 'risk': 0.6004102041435715, 'reward': 1.626441246283548, 'rr': 2.708883418468067}
VALUE_GATE: {'trade_allowed': True, 'risk': 0.5471116701666574, 'reward': 1.5605231621921405, 'rr': 2.852293685705488}
VALUE_GATE: {'trade_allowed': True, 'risk': 0.35217951999999286, 'reward': 1.6128307934101827, 'rr': 4.579570082355201}
VALUE_GATE: {'trade_allowed': True, 'risk': 0.3497401600000103, 'reward': 1.5474133583766445, 'rr': 4.424465747303938}
VALUE_GATE: {'trade_allowed': True, 'risk': 0.7300333091272933, 'reward': 1.4453136149121235, 'rr': 1.9797913284804782}
VALUE_GATE: {'trade_allowed': True, 'risk': 0.34503391999999167, 'reward': 1.5445684183851824, 'rr': 4.476569777212686}
VALUE_GATE: {'trade_allowed': True, 'risk': 0.34439327999999136, 'reward': 1.5521955451021654, 'rr': 4.50704364818676}
VALUE_GATE: {'trade_allowed': True, 'risk': 0.3447382399999981, 'reward': 1.5645239988641038, 'rr': 4.538295487219846}
VALUE_GATE: {'trade_allowed': True, 'risk': 0.34505856000001245, 'reward': 1.5330835831719298, 'rr': 4.442966385682113}
VALUE_GATE: {'trade_allowed': True, 'risk': 0.8015916535984218, 'reward': 1.5990724962006482, 'rr': 1.9948716893723362}
VALUE_GATE: {'trade_allowed': True, 'risk': 0.8420135278827843, 'reward': 1.4414366948436736, 'rr': 1.7118925612372518}
VALUE_GATE: {'trade_allowed': True, 'risk': 0.3463644800000054, 'reward': 1.5352073881292938, 'rr': 4.432346492715621}
VALUE_GATE: {'trade_allowed': True, 'risk': 0.34439327999999136, 'reward': 1.431870502636258, 'rr': 4.157660981759847}
VALUE_GATE: {'trade_allowed': True, 'risk': 0.3438511999999889, 'reward': 1.5723122072523381, 'rr': 4.572652959339356}
VALUE_GATE: {'trade_allowed': True, 'risk': 0.3427423999999917, 'reward': 1.4309164484592998, 'rr': 4.17490350904742}
VALUE_GATE: {'trade_allowed': True, 'risk': 0.3403030400000091, 'reward': 1.5133057175419822, 'rr': 4.446935641662036}
VALUE_GATE: {'trade_allowed': True, 'risk': 0.5769891244307814, 'reward': 1.5881499745739234, 'rr': 2.752478179100317}
VALUE_GATE: {'trade_allowed': True, 'risk': 0.34619373255981145, 'reward': 1.6059263029883937, 'rr': 4.638808135300196}
VALUE_GATE: {'trade_allowed': True, 'risk': 0.388305593112932, 'reward': 1.4635647733861958, 'rr': 3.769105568769243}
VALUE_GATE: {'trade_allowed': True, 'risk': 0.5492587872945762, 'reward': 1.4493563452549552, 'rr': 2.6387494907343965}
VALUE_GATE: {'trade_allowed': True, 'risk': 0.49548777998043647, 'reward': 1.568636138655421, 'rr': 3.165842230695086}
VALUE_GATE: {'trade_allowed': True, 'risk': 0.3535100800000066, 'reward': 1.5557264290654018, 'rr': 4.400797932170343}
VALUE_GATE: {'trade_allowed': True, 'risk': 0.35513632000001394, 'reward': 1.5268252865697889, 'rr': 4.2992653822896205}
VALUE_GATE: {'trade_allowed': True, 'risk': 0.35848735999999803, 'reward': 1.4810839407926153, 'rr': 4.13148162544036}
VALUE_GATE: {'trade_allowed': True, 'risk': 0.3587830399999916, 'reward': 1.4799270582442716, 'rr': 4.124852329263686}
VALUE_GATE: {'trade_allowed': True, 'risk': 0.35562912000000324, 'reward': 1.5821753411993882, 'rr': 4.448947659852415}
VALUE_GATE: {'trade_allowed': True, 'risk': 0.43991003342677004, 'reward': 1.4738816151563583, 'rr': 3.350416001370219}
VALUE_GATE: {'trade_allowed': True, 'risk': 0.40253427677177456, 'reward': 1.639611306105138, 'rr': 4.073221588120186}
VALUE_GATE: {'trade_allowed': True, 'risk': 0.3623558399999922, 'reward': 1.4904832133270531, 'rr': 4.113313623776797}
VALUE_GATE: {'trade_allowed': True, 'risk': 0.36119776000001025, 'reward': 1.5953852466647334, 'rr': 4.416930068073202}
VALUE_GATE: {'trade_allowed': True, 'risk': 0.36146880000001147, 'reward': 1.675386447035038, 'rr': 4.634940683774048}
VALUE_GATE: {'trade_allowed': True, 'risk': 0.3590294400000005, 'reward': 1.4915226597075844, 'rr': 4.154318541976899}
VALUE_GATE: {'trade_allowed': True, 'risk': 0.45412735351368383, 'reward': 1.4669173245872855, 'rr': 3.2301893141591704}
VALUE_GATE: {'trade_allowed': True, 'risk': 0.5549713962576277, 'reward': 1.571767484593721, 'rr': 2.8321594503657597}
VALUE_GATE: {'trade_allowed': True, 'risk': 0.35962079999998764, 'reward': 1.620660913662391, 'rr': 4.506582805172689}
VALUE_GATE: {'trade_allowed': True, 'risk': 0.3799704831999975, 'reward': 1.5089297226246856, 'rr': 3.971176155360627}
VALUE_GATE: {'trade_allowed': True, 'risk': 0.35742784000001393, 'reward': 1.6964762403871418, 'rr': 4.746346116707294}
VALUE_GATE: {'trade_allowed': True, 'risk': 0.48997401694933274, 'reward': 1.5960205718011764, 'rr': 3.257357567118131}
VALUE_GATE: {'trade_allowed': True, 'risk': 0.35370720000000233, 'reward': 1.6217795862226296, 'rr': 4.585090680151885}
VALUE_GATE: {'trade_allowed': True, 'risk': 0.35469280000000936, 'reward': 1.5578605445542735, 'rr': 4.392140310021045}
VALUE_GATE: {'trade_allowed': True, 'risk': 0.3498633600000005, 'reward': 1.4587563425809833, 'rr': 4.169503038503321}
VALUE_GATE: {'trade_allowed': True, 'risk': 0.3506764800000042, 'reward': 1.5745496751339658, 'rr': 4.490035017843076}
VALUE_GATE: {'trade_allowed': True, 'risk': 0.35082431999998676, 'reward': 1.6534596260192416, 'rr': 4.713070137267861}
VALUE_GATE: {'trade_allowed': True, 'risk': 0.4465540226444489, 'reward': 1.437813502534425, 'rr': 3.2197974480664966}
VALUE_GATE: {'trade_allowed': True, 'risk': 0.35210559999998736, 'reward': 1.4637893333963348, 'rr': 4.157245250846301}
VALUE_GATE: {'trade_allowed': True, 'risk': 0.35247519999998644, 'reward': 1.4536903591818202, 'rr': 4.124234440272326}
VALUE_GATE: {'trade_allowed': True, 'risk': 0.35217951999999286, 'reward': 1.540390514481146, 'rr': 4.373878737983337}
VALUE_GATE: {'trade_allowed': True, 'risk': 0.33887195704082274, 'reward': 1.581261751468844, 'rr': 4.666251422151037}
VALUE_GATE: {'trade_allowed': True, 'risk': 0.39350812893670195, 'reward': 1.6526672930986024, 'rr': 4.199830121843413}
VALUE_GATE: {'trade_allowed': True, 'risk': 0.3559987200000023, 'reward': 1.6876441580024562, 'rr': 4.740590522354814}
VALUE_GATE: {'trade_allowed': True, 'risk': 0.3549391999999898, 'reward': 1.6838858719654297, 'rr': 4.744153004135576}
VALUE_GATE: {'trade_allowed': True, 'risk': 0.3553827199999944, 'reward': 1.5870775971276885, 'rr': 4.46582658022234}
VALUE_GATE: {'trade_allowed': True, 'risk': 0.35484063999999194, 'reward': 1.6029792458021745, 'rr': 4.51746239044719}
VALUE_GATE: {'trade_allowed': True, 'risk': 0.3544464000000005, 'reward': 1.6165501019912085, 'rr': 4.560774497896456}
VALUE_GATE: {'trade_allowed': True, 'risk': 0.3517852800000014, 'reward': 1.6269878006655745, 'rr': 4.624945650555839}
VALUE_GATE: {'trade_allowed': True, 'risk': 0.3512185600000066, 'reward': 1.590242757106381, 'rr': 4.527786792094219}
VALUE_GATE: {'trade_allowed': True, 'risk': 0.3505286399999932, 'reward': 1.4537796684863054, 'rr': 4.147391974836446}
VALUE_GATE: {'trade_allowed': True, 'risk': 0.35018367999998645, 'reward': 1.5464842027419081, 'rr': 4.416208667239912}
VALUE_GATE: {'trade_allowed': True, 'risk': 1.0570112199108905, 'reward': 1.4098966052746675, 'rr': 1.3338520714979036}
VALUE_GATE: {'trade_allowed': True, 'risk': 0.3807194192262955, 'reward': 1.4971346077791452, 'rr': 3.932383094147516}
VALUE_GATE: {'trade_allowed': True, 'risk': 0.32992960000001403, 'reward': 1.4548229260147991, 'rr': 4.409495013526332}
VALUE_GATE: {'trade_allowed': True, 'risk': 0.3270220800000061, 'reward': 1.3721528459661556, 'rr': 4.195902753618746}
VALUE_GATE: {'trade_allowed': True, 'risk': 0.3289193599999862, 'reward': 1.4048920109269716, 'rr': 4.271235390118205}
VALUE_GATE: {'trade_allowed': True, 'risk': 0.33227039999999874, 'reward': 1.4631802774881635, 'rr': 4.403582977864321}
VALUE_GATE: {'trade_allowed': True, 'risk': 0.34875748340894575, 'reward': 1.4643483844063212, 'rr': 4.198758317937674}
VALUE_GATE: {'trade_allowed': True, 'risk': 0.32997887999999875, 'reward': 1.4963027006339473, 'rr': 4.534540818594066}
VALUE_GATE: {'trade_allowed': True, 'risk': 0.32953535999999417, 'reward': 1.5245489916519546, 'rr': 4.62635934320366}
VALUE_GATE: {'trade_allowed': True, 'risk': 0.3635391660147036, 'reward': 1.4891064879378746, 'rr': 4.096137712649225}
VALUE_GATE: {'trade_allowed': True, 'risk': 0.4331912736395225, 'reward': 1.3294224181489085, 'rr': 3.068903967015687}
VALUE_GATE: {'trade_allowed': True, 'risk': 0.5569434661017851, 'reward': 1.3170740075384515, 'rr': 2.3648253147793414}
VALUE_GATE: {'trade_allowed': True, 'risk': 0.3587773174179745, 'reward': 1.3085504969619137, 'rr': 3.6472497937695887}
VALUE_GATE: {'trade_allowed': True, 'risk': 0.3579345873795603, 'reward': 1.428917998069977, 'rr': 3.992120483608718}
VALUE_GATE: {'trade_allowed': True, 'risk': 0.8702577313146094, 'reward': 1.5177226341424728, 'rr': 1.7439921296071732}
VALUE_GATE: {'trade_allowed': True, 'risk': 0.3666736107611399, 'reward': 1.4099869684513067, 'rr': 3.845346180011319}
VALUE_GATE: {'trade_allowed': True, 'risk': 0.31275551999999607, 'reward': 1.2902212233937007, 'rr': 4.125334777124691}
VALUE_GATE: {'trade_allowed': True, 'risk': 0.3144310400000023, 'reward': 1.2957189940938463, 'rr': 4.120836779008322}
VALUE_GATE: {'trade_allowed': True, 'risk': 0.3102422399999938, 'reward': 1.2793867036871092, 'rr': 4.123831441157512}
VALUE_GATE: {'trade_allowed': True, 'risk': 0.31356863999999973, 'reward': 1.4682245266364191, 'rr': 4.682306644683666}
VALUE_GATE: {'trade_allowed': True, 'risk': 0.3152934400000049, 'reward': 1.39505346337846, 'rr': 4.424619374822509}
VALUE_GATE: {'trade_allowed': True, 'risk': 0.3140860799999956, 'reward': 1.4658770236850671, 'rr': 4.66711872008173}
VALUE_GATE: {'trade_allowed': True, 'risk': 0.43375593876392315, 'reward': 1.376751969498514, 'rr': 3.1740244834960696}
VALUE_GATE: {'trade_allowed': True, 'risk': 0.4290263767891247, 'reward': 1.387829480256812, 'rr': 3.2348348617711187}
VALUE_GATE: {'trade_allowed': True, 'risk': 0.4741874304480973, 'reward': 1.4551924847644386, 'rr': 3.068812860326795}
VALUE_GATE: {'trade_allowed': True, 'risk': 0.3783545954835148, 'reward': 1.383230174367938, 'rr': 3.6559095379831494}
VALUE_GATE: {'trade_allowed': True, 'risk': 0.5573803446396823, 'reward': 1.4384446454450739, 'rr': 2.580723664331856}
VALUE_GATE: {'trade_allowed': True, 'risk': 0.3232521600000098, 'reward': 1.425155218246175, 'rr': 4.408803388185038}
VALUE_GATE: {'trade_allowed': True, 'risk': 0.3926631222806236, 'reward': 1.317155957757933, 'rr': 3.3544172676766024}
VALUE_GATE: {'trade_allowed': True, 'risk': 0.320935999999989, 'reward': 1.4210229963743757, 'rr': 4.42774570747571}
VALUE_GATE: {'trade_allowed': True, 'risk': 0.31948224000001346, 'reward': 1.327649955522645, 'rr': 4.155629920219005}
VALUE_GATE: {'trade_allowed': True, 'risk': 0.32110847999999237, 'reward': 1.464008747071432, 'rr': 4.559234147511354}
VALUE_GATE: {'trade_allowed': True, 'risk': 0.33762304014805977, 'reward': 1.382211773409864, 'rr': 4.093949787324096}
VALUE_GATE: {'trade_allowed': True, 'risk': 0.3207142400000009, 'reward': 1.3186449411723231, 'rr': 4.11158837590847}
VALUE_GATE: {'trade_allowed': True, 'risk': 0.3183734399999878, 'reward': 1.3198605931927148, 'rr': 4.145636624690694}
VALUE_GATE: {'trade_allowed': True, 'risk': 0.31583551999999315, 'reward': 1.3988048639016881, 'rr': 4.4289029425877064}
VALUE_GATE: {'trade_allowed': True, 'risk': 0.31563839999999743, 'reward': 1.4278137484304807, 'rr': 4.523574281299399}
VALUE_GATE: {'trade_allowed': True, 'risk': 0.31696895999999697, 'reward': 1.4781674406774243, 'rr': 4.663445407012215}
VALUE_GATE: {'trade_allowed': True, 'risk': 0.3163775999999956, 'reward': 1.422620724378902, 'rr': 4.49659117579412}
VALUE_GATE: {'trade_allowed': True, 'risk': 0.3151455999999939, 'reward': 1.4078055390183835, 'rr': 4.4671591131794655}
VALUE_GATE: {'trade_allowed': True, 'risk': 0.3135193600000008, 'reward': 1.36337218136525, 'rr': 4.348606036211756}
VALUE_GATE: {'trade_allowed': True, 'risk': 0.46504391240536336, 'reward': 1.404651551751158, 'rr': 3.0204707862658133}
VALUE_GATE: {'trade_allowed': True, 'risk': 0.38945310813521417, 'reward': 1.4150429169631593, 'rr': 3.633410255059181}
VALUE_GATE: {'trade_allowed': True, 'risk': 0.31088531253384133, 'reward': 1.4035434725716698, 'rr': 4.514666392993035}
VALUE_GATE: {'trade_allowed': True, 'risk': 0.43349535251874727, 'reward': 1.3084051268365755, 'rr': 3.0182679450525165}
VALUE_GATE: {'trade_allowed': True, 'risk': 0.43469225410871104, 'reward': 1.3074663060009328, 'rr': 3.0077975709085263}
VALUE_GATE: {'trade_allowed': True, 'risk': 0.31349471999999423, 'reward': 1.3904244630715823, 'rr': 4.435240450211117}
VALUE_GATE: {'trade_allowed': True, 'risk': 0.3133222400000051, 'reward': 1.297237170358187, 'rr': 4.1402652118093055}
VALUE_GATE: {'trade_allowed': True, 'risk': 0.3106352184753689, 'reward': 1.38710997728964, 'rr': 4.465398302541885}
VALUE_GATE: {'trade_allowed': True, 'risk': 0.31319904000000065, 'reward': 1.3144209409890095, 'rr': 4.196759163083663}
VALUE_GATE: {'trade_allowed': True, 'risk': 0.31068575999999837, 'reward': 1.4411476806281058, 'rr': 4.638602299082241}
VALUE_GATE: {'trade_allowed': True, 'risk': 0.42519866378468407, 'reward': 1.259492134292799, 'rr': 2.962126275473415}
VALUE_GATE: {'trade_allowed': True, 'risk': 0.4865227904910512, 'reward': 1.2280210603492492, 'rr': 2.52407715393928}
VALUE_GATE: {'trade_allowed': True, 'risk': 0.5106515540910124, 'reward': 1.3342754289596144, 'rr': 2.6128882175531563}
VALUE_GATE: {'trade_allowed': True, 'risk': 0.49305061099676095, 'reward': 1.3226638719946067, 'rr': 2.6826127835450464}
VALUE_GATE: {'trade_allowed': True, 'risk': 0.39099329607824984, 'reward': 1.2918290009734363, 'rr': 3.303967136855721}
VALUE_GATE: {'trade_allowed': True, 'risk': 0.299252800000005, 'reward': 1.2293894389183606, 'rr': 4.1081969455869425}
VALUE_GATE: {'trade_allowed': True, 'risk': 0.3189188562884766, 'reward': 1.2604378543680923, 'rr': 3.952221166966587}
VALUE_GATE: {'trade_allowed': True, 'risk': 0.3527261602382623, 'reward': 1.3335521982287446, 'rr': 3.780701145976658}
VALUE_GATE: {'trade_allowed': True, 'risk': 0.3023574399999944, 'reward': 1.3362436425718442, 'rr': 4.419417106362155}
VALUE_GATE: {'trade_allowed': True, 'risk': 0.3021849600000053, 'reward': 1.370909272852117, 'rr': 4.536656201725238}
VALUE_GATE: {'trade_allowed': True, 'risk': 0.3013225600000027, 'reward': 1.2363055581948572, 'rr': 4.10293062090952}
VALUE_GATE: {'trade_allowed': True, 'risk': 0.3012486399999972, 'reward': 1.2492856239691008, 'rr': 4.147024942483101}
VALUE_GATE: {'trade_allowed': True, 'risk': 0.3003035035416417, 'reward': 1.2653247191947798, 'rr': 4.2134863705288845}
VALUE_GATE: {'trade_allowed': True, 'risk': 0.29839718056202, 'reward': 1.3363689147093538, 'rr': 4.478490420694835}
VALUE_GATE: {'trade_allowed': True, 'risk': 0.5163826793962301, 'reward': 1.3917176724754086, 'rr': 2.69512849288951}
VALUE_GATE: {'trade_allowed': True, 'risk': 0.7580012250815003, 'reward': 1.3677978018513102, 'rr': 1.8044796717897713}
VALUE_GATE: {'trade_allowed': True, 'risk': 0.3072361600000022, 'reward': 1.342751743647142, 'rr': 4.370422230401306}
VALUE_GATE: {'trade_allowed': True, 'risk': 0.30585632000000373, 'reward': 1.4276701973222288, 'rr': 4.667780601434724}
VALUE_GATE: {'trade_allowed': True, 'risk': 0.30511712000000557, 'reward': 1.3800933663136874, 'rr': 4.523159389789934}
VALUE_GATE: {'trade_allowed': True, 'risk': 0.35179281328289846, 'reward': 1.3556157655992536, 'rr': 3.853449287234639}
VALUE_GATE: {'trade_allowed': True, 'risk': 0.5471919988117975, 'reward': 1.391802426436712, 'rr': 2.5435357780430774}
VALUE_GATE: {'trade_allowed': True, 'risk': 0.5818214669565549, 'reward': 1.3517101532767413, 'rr': 2.3232387081683163}
VALUE_GATE: {'trade_allowed': True, 'risk': 0.310094399999997, 'reward': 1.3459335059254158, 'rr': 4.340399265273507}
VALUE_GATE: {'trade_allowed': True, 'risk': 0.31356863999999973, 'reward': 1.4106700835829287, 'rr': 4.498760091515943}
VALUE_GATE: {'trade_allowed': True, 'risk': 0.3130758399999962, 'reward': 1.3641753970957353, 'rr': 4.3573320671941715}
VALUE_GATE: {'trade_allowed': True, 'risk': 0.3124351999999959, 'reward': 1.3529325047876313, 'rr': 4.330281942584091}
VALUE_GATE: {'trade_allowed': True, 'risk': 0.31418463999999346, 'reward': 1.3054590332095444, 'rr': 4.155069557854806}
VALUE_GATE: {'trade_allowed': True, 'risk': 0.31376575999999545, 'reward': 1.4165128957699409, 'rr': 4.5145553669398515}
VALUE_GATE: {'trade_allowed': True, 'risk': 0.4831333874410717, 'reward': 1.2847871542913367, 'rr': 2.65928041342008}
VALUE_GATE: {'trade_allowed': True, 'risk': 0.31142495999999653, 'reward': 1.4354598937274545, 'rr': 4.609328339409502}
VALUE_GATE: {'trade_allowed': True, 'risk': 0.31068575999999837, 'reward': 1.353706002176338, 'rr': 4.357154966408326}
VALUE_GATE: {'trade_allowed': True, 'risk': 0.31048864000000265, 'reward': 1.2749176374685618, 'rr': 4.106165164266721}
VALUE_GATE: {'trade_allowed': True, 'risk': 0.30928127999999333, 'reward': 1.2868927134201726, 'rr': 4.1609136945508}
VALUE_GATE: {'trade_allowed': True, 'risk': 0.30386136220084836, 'reward': 1.2776870927629034, 'rr': 4.204835664227586}
VALUE_GATE: {'trade_allowed': True, 'risk': 0.30435328000000084, 'reward': 1.3752709722227365, 'rr': 4.518666505656626}
VALUE_GATE: {'trade_allowed': True, 'risk': 0.3028748800000045, 'reward': 1.3356105357559045, 'rr': 4.409776524734849}
VALUE_GATE: {'trade_allowed': False, 'reason': 'reward_too_small'}
VALUE_GATE: {'trade_allowed': True, 'risk': 0.3024313599999999, 'reward': 1.256114350798967, 'rr': 4.153386576044784}
VALUE_GATE: {'trade_allowed': True, 'risk': 0.7985237748995644, 'reward': 1.698631075150999, 'rr': 2.1272141525963293}
VALUE_GATE: {'trade_allowed': True, 'risk': 0.6403932553231897, 'reward': 1.456602229764158, 'rr': 2.274543364809564}
VALUE_GATE: {'trade_allowed': True, 'risk': 0.36925301204274774, 'reward': 1.2863691741875982, 'rr': 3.4837066516296353}
VALUE_GATE: {'trade_allowed': True, 'risk': 0.44157348567131294, 'reward': 1.2868235201829208, 'rr': 2.914177508250061}
VALUE_GATE: {'trade_allowed': True, 'risk': 0.29055488000000196, 'reward': 1.3055852276237232, 'rr': 4.493420408646085}
VALUE_GATE: {'trade_allowed': True, 'risk': 0.8139068181083076, 'reward': 1.1645017594359786, 'rr': 1.4307556264764167}
VALUE_GATE: {'trade_allowed': True, 'risk': 0.28525727999999617, 'reward': 1.2273676116324026, 'rr': 4.302668845585357}
VALUE_GATE: {'trade_allowed': True, 'risk': 0.46268637172931903, 'reward': 1.321540936633511, 'rr': 2.8562348436894083}
VALUE_GATE: {'trade_allowed': True, 'risk': 0.28535583999999403, 'reward': 1.2765546470246676, 'rr': 4.473553605998371}
VALUE_GATE: {'trade_allowed': True, 'risk': 0.28577472000000625, 'reward': 1.290256446522335, 'rr': 4.514942562177322}
VALUE_GATE: {'trade_allowed': True, 'risk': 0.28528192000000274, 'reward': 1.1902890439369855, 'rr': 4.172325550588604}
VALUE_GATE: {'trade_allowed': True, 'risk': 0.2867500197893804, 'reward': 1.2597596567469225, 'rr': 4.39323302461225}
VALUE_GATE: {'trade_allowed': True, 'risk': 0.28525727999999617, 'reward': 1.180511233037123, 'rr': 4.138408783246965}
VALUE_GATE: {'trade_allowed': True, 'risk': 0.2868835200000035, 'reward': 1.2946532724176762, 'rr': 4.51281855582942}
VALUE_GATE: {'trade_allowed': True, 'risk': 1.0797120000000007, 'reward': 1.964422847791397, 'rr': 1.8193952163089748}
VALUE_GATE: {'trade_allowed': True, 'risk': 0.28927360000000135, 'reward': 1.3694463078548296, 'rr': 4.734086718783958}
VALUE_GATE: {'trade_allowed': True, 'risk': 0.2887315199999989, 'reward': 1.2438609454834761, 'rr': 4.308019247373757}
VALUE_GATE: {'trade_allowed': True, 'risk': 0.29171295999999813, 'reward': 1.355132374146507, 'rr': 4.645430817151612}
VALUE_GATE: {'trade_allowed': True, 'risk': 0.291959360000007, 'reward': 1.3505546437100975, 'rr': 4.625830950273576}
VALUE_GATE: {'trade_allowed': True, 'risk': 0.2851094399999994, 'reward': 1.184187391167157, 'rr': 4.1534485535349495}
VALUE_GATE: {'trade_allowed': True, 'risk': 0.8403808383848315, 'reward': 1.6256013449101943, 'rr': 1.9343626968393473}
VALUE_GATE: {'trade_allowed': True, 'risk': 1.0339879999999937, 'reward': 1.246362270824875, 'rr': 1.2053933612622996}
VALUE_GATE: {'trade_allowed': True, 'risk': 0.6574876403353898, 'reward': 1.1089013234558678, 'rr': 1.6865736409740086}
VALUE_GATE: {'trade_allowed': True, 'risk': 0.7469695766541378, 'reward': 1.6863236898367404, 'rr': 2.25755337639078}
VALUE_GATE: {'trade_allowed': True, 'risk': 0.3297599483092597, 'reward': 1.1033657824095542, 'rr': 3.345966628351062}
VALUE_GATE: {'trade_allowed': True, 'risk': 0.556311195256626, 'reward': 1.1183911561544448, 'rr': 2.0103696738271317}
VALUE_GATE: {'trade_allowed': True, 'risk': 0.4650672661414461, 'reward': 1.0743875129586797, 'rr': 2.310176594178775}
VALUE_GATE: {'trade_allowed': True, 'risk': 0.2728264943700225, 'reward': 1.1659285179403298, 'rr': 4.27351647292375}
VALUE_GATE: {'trade_allowed': True, 'risk': 0.34575596894876526, 'reward': 1.0781856412265824, 'rr': 3.1183428141665717}
VALUE_GATE: {'trade_allowed': True, 'risk': 0.2568966399999937, 'reward': 1.1803112784974985, 'rr': 4.594498699934446}
VALUE_GATE: {'trade_allowed': True, 'risk': 0.26012448000000177, 'reward': 1.178016211415141, 'rr': 4.5286633976745785}
VALUE_GATE: {'trade_allowed': True, 'risk': 0.2568227200000024, 'reward': 1.13066068049163, 'rr': 4.402494765617385}
VALUE_GATE: {'trade_allowed': True, 'risk': 0.25785759999999414, 'reward': 1.0741867745073108, 'rr': 4.165813900801587}
VALUE_GATE: {'trade_allowed': True, 'risk': 0.6984270864218587, 'reward': 1.054473461643127, 'rr': 1.509783171562467}
VALUE_GATE: {'trade_allowed': True, 'risk': 0.5430731615020079, 'reward': 1.038131684666638, 'rr': 1.9115871640487976}
VALUE_GATE: {'trade_allowed': True, 'risk': 0.7953824114906354, 'reward': 1.0337904773946747, 'rr': 1.2997401783844276}
VALUE_GATE: {'trade_allowed': True, 'risk': 0.328919672749862, 'reward': 1.1234688821211734, 'rr': 3.415632980322077}
VALUE_GATE: {'trade_allowed': True, 'risk': 0.5560670292588838, 'reward': 1.236972093231529, 'rr': 2.224501774327716}
VALUE_GATE: {'trade_allowed': True, 'risk': 0.6672832612710522, 'reward': 1.0349291310769644, 'rr': 1.5509592269789807}
VALUE_GATE: {'trade_allowed': True, 'risk': 0.9171187668928695, 'reward': 2.405863924297293, 'rr': 2.623285021686103}
VALUE_GATE: {'trade_allowed': True, 'risk': 0.5849442806651126, 'reward': 1.2346493014553062, 'rr': 2.1107126648908245}
VALUE_GATE: {'trade_allowed': True, 'risk': 0.5553118492302644, 'reward': 1.176032274636711, 'rr': 2.1177871069505305}
VALUE_GATE: {'trade_allowed': True, 'risk': 0.9007508412457952, 'reward': 1.8415727137692244, 'rr': 2.0444862546253226}
VALUE_GATE: {'trade_allowed': True, 'risk': 0.8347126411835575, 'reward': 1.7160129401712823, 'rr': 2.055812809709111}
VALUE_GATE: {'trade_allowed': True, 'risk': 0.40530902935689994, 'reward': 1.0332727850963437, 'rr': 2.5493455863439016}
VALUE_GATE: {'trade_allowed': True, 'risk': 0.8964480000000066, 'reward': 1.9649205482754013, 'rr': 2.191895735475328}
VALUE_GATE: {'trade_allowed': True, 'risk': 0.49326814103881134, 'reward': 1.1333448328802405, 'rr': 2.2976242302887075}
VALUE_GATE: {'trade_allowed': True, 'risk': 0.9184359999999998, 'reward': 2.229605126796727, 'rr': 2.4276107717867412}
VALUE_GATE: {'trade_allowed': True, 'risk': 0.4969370509553528, 'reward': 1.119583931006261, 'rr': 2.252969322480343}
VALUE_GATE: {'trade_allowed': True, 'risk': 0.2543094400000001, 'reward': 1.1717177231494702, 'rr': 4.607448796039462}
VALUE_GATE: {'trade_allowed': True, 'risk': 0.2547529600000047, 'reward': 1.1671908195356764, 'rr': 4.58165753809359}
VALUE_GATE: {'trade_allowed': True, 'risk': 0.3130709770290707, 'reward': 1.153505407272263, 'rr': 3.684485282598241}
VALUE_GATE: {'trade_allowed': True, 'risk': 0.3966861448286778, 'reward': 1.1515877334261404, 'rr': 2.9030198015196427}
VALUE_GATE: {'trade_allowed': True, 'risk': 0.2578083199999952, 'reward': 1.0655632000352, 'rr': 4.133160636690158}
VALUE_GATE: {'trade_allowed': True, 'risk': 0.25662560000000667, 'reward': 1.0715682819621861, 'rr': 4.175609455807052}
VALUE_GATE: {'trade_allowed': True, 'risk': 0.2588924800000001, 'reward': 1.1822964671016791, 'rr': 4.566747041480999}
VALUE_GATE: {'trade_allowed': True, 'risk': 0.25222861299121746, 'reward': 1.1675311157924142, 'rr': 4.628860706747284}
VALUE_GATE: {'trade_allowed': True, 'risk': 0.32549505979253013, 'reward': 1.1322161972722142, 'rr': 3.4784435683720867}
VALUE_GATE: {'trade_allowed': True, 'risk': 0.46405223034010135, 'reward': 1.0440812795650345, 'rr': 2.249921908143471}
VALUE_GATE: {'trade_allowed': True, 'risk': 0.3146482459018216, 'reward': 1.1846615356612773, 'rr': 3.765034609571357}
VALUE_GATE: {'trade_allowed': True, 'risk': 0.420569767811628, 'reward': 1.1880135396628617, 'rr': 2.824771608868875}
VALUE_GATE: {'trade_allowed': True, 'risk': 0.32102575079186124, 'reward': 1.1216605017806671, 'rr': 3.493989186269053}
VALUE_GATE: {'trade_allowed': True, 'risk': 0.29765065136781743, 'reward': 1.0489791357774294, 'rr': 3.524195666822744}
VALUE_GATE: {'trade_allowed': True, 'risk': 0.2536687999999998, 'reward': 1.0491082883635414, 'rr': 4.135740336862642}
VALUE_GATE: {'trade_allowed': True, 'risk': 0.2678193706237124, 'reward': 1.148889495909728, 'rr': 4.2897923822094395}
VALUE_GATE: {'trade_allowed': True, 'risk': 0.8851735382157955, 'reward': 1.0790807385646133, 'rr': 1.219061225824337}
VALUE_GATE: {'trade_allowed': True, 'risk': 0.4200593705724742, 'reward': 1.1135095486882847, 'rr': 2.6508384925939112}
VALUE_GATE: {'trade_allowed': True, 'risk': 0.39517041951127396, 'reward': 1.026582888859167, 'rr': 2.5978232129034122}
VALUE_GATE: {'trade_allowed': True, 'risk': 0.5291769938352076, 'reward': 1.011705509871021, 'rr': 1.9118471166682636}
VALUE_GATE: {'trade_allowed': True, 'risk': 0.5321878662954873, 'reward': 1.0006933628688301, 'rr': 1.880338553816659}
VALUE_GATE: {'trade_allowed': True, 'risk': 0.57654369617687, 'reward': 1.0939530169103762, 'rr': 1.8974329685061326}
VALUE_GATE: {'trade_allowed': True, 'risk': 0.44973738056840773, 'reward': 1.0198587577499865, 'rr': 2.2676762079705757}
VALUE_GATE: {'trade_allowed': True, 'risk': 0.3814158343192986, 'reward': 1.0108813348981869, 'rr': 2.6503391939725747}
VALUE_GATE: {'trade_allowed': True, 'risk': 0.6493640440956909, 'reward': 1.014627383471634, 'rr': 1.562493939566074}
VALUE_GATE: {'trade_allowed': True, 'risk': 0.2453897599999948, 'reward': 1.0753986824783226, 'rr': 4.382410588275344}
VALUE_GATE: {'trade_allowed': True, 'risk': 0.47789337467850146, 'reward': 1.1296098594392134, 'rr': 2.363727808947233}
VALUE_GATE: {'trade_allowed': True, 'risk': 0.4669827930607511, 'reward': 0.9957035582362153, 'rr': 2.132206096310451}
VALUE_GATE: {'trade_allowed': True, 'risk': 0.41661354183021615, 'reward': 1.077489080162735, 'rr': 2.5863035450773886}
VALUE_GATE: {'trade_allowed': True, 'risk': 0.34396791392188675, 'reward': 0.9942566144436285, 'rr': 2.89055046765036}
VALUE_GATE: {'trade_allowed': True, 'risk': 0.6253982326200997, 'reward': 1.0011659238552255, 'rr': 1.600845463954784}
VALUE_GATE: {'trade_allowed': True, 'risk': 0.35918759445594617, 'reward': 1.1040266030056074, 'rr': 3.0736768753883417}
VALUE_GATE: {'trade_allowed': True, 'risk': 0.46493564587294145, 'reward': 0.9688522633453971, 'rr': 2.0838416497972}
VALUE_GATE: {'trade_allowed': True, 'risk': 0.48980646979218534, 'reward': 1.0267462762925987, 'rr': 2.0962284894444654}
VALUE_GATE: {'trade_allowed': True, 'risk': 0.3445109923720935, 'reward': 1.0237516253635448, 'rr': 2.9716080126053823}
VALUE_GATE: {'trade_allowed': True, 'risk': 0.8482400000000041, 'reward': 1.7193892690207235, 'rr': 2.027008003655469}
VALUE_GATE: {'trade_allowed': True, 'risk': 0.3642530045579946, 'reward': 0.9420656676964683, 'rr': 2.5862948442652507}
VALUE_GATE: {'trade_allowed': True, 'risk': 0.3220012190130319, 'reward': 0.9582124519667019, 'rr': 2.975803802556168}
VALUE_GATE: {'trade_allowed': True, 'risk': 0.7969193948842843, 'reward': 0.949697086903285, 'rr': 1.1917103448601405}
VALUE_GATE: {'trade_allowed': True, 'risk': 0.45938739551790775, 'reward': 0.9965741010125555, 'rr': 2.169354472359935}
VALUE_GATE: {'trade_allowed': True, 'risk': 0.29433955875295226, 'reward': 1.0651745153818695, 'rr': 3.6188629210927825}
VALUE_GATE: {'trade_allowed': True, 'risk': 0.2988755345551368, 'reward': 1.0288825826286399, 'rr': 3.442511894324461}
VALUE_GATE: {'trade_allowed': True, 'risk': 0.543599952831542, 'reward': 0.9296463825467498, 'rr': 1.7101664150343312}
VALUE_GATE: {'trade_allowed': True, 'risk': 0.49722761091082646, 'reward': 1.0019522730014074, 'rr': 2.015077704888555}
VALUE_GATE: {'trade_allowed': True, 'risk': 0.8537599999999941, 'reward': 1.6542393102595696, 'rr': 1.9375928952628152}
VALUE_GATE: {'trade_allowed': True, 'risk': 0.8190759999999955, 'reward': 1.0518593977107287, 'rr': 1.2842024399576284}
VALUE_GATE: {'trade_allowed': True, 'risk': 0.465623136608869, 'reward': 0.911617773125613, 'rr': 1.9578446633148874}
VALUE_GATE: {'trade_allowed': True, 'risk': 0.7747320000000002, 'reward': 1.4842122974034027, 'rr': 1.9157751292103622}
VALUE_GATE: {'trade_allowed': True, 'risk': 0.7894519999999972, 'reward': 2.5637008716804672, 'rr': 3.2474436339137482}
VALUE_GATE: {'trade_allowed': True, 'risk': 0.6990013461434188, 'reward': 0.8417439028168587, 'rr': 1.2042092729305738}
VALUE_GATE: {'trade_allowed': True, 'risk': 0.7421348204577498, 'reward': 0.8580598740856118, 'rr': 1.156204843691823}
VALUE_GATE: {'trade_allowed': True, 'risk': 0.7352640000000008, 'reward': 1.2248597021707042, 'rr': 1.6658774292916596}
VALUE_GATE: {'trade_allowed': True, 'risk': 0.7382999999999953, 'reward': 1.491285944299321, 'rr': 2.0198915675190716}
VALUE_GATE: {'trade_allowed': True, 'risk': 0.45470209165587505, 'reward': 0.874016020242351, 'rr': 1.9221728606074209}
VALUE_GATE: {'trade_allowed': True, 'risk': 0.4494851760284746, 'reward': 0.8893400371188562, 'rr': 1.9785747885543552}
VALUE_GATE: {'trade_allowed': True, 'risk': 0.5748878932388379, 'reward': 0.803902550541082, 'rr': 1.3983640288752777}
VALUE_GATE: {'trade_allowed': True, 'risk': 0.6655279999999948, 'reward': 5.607000897246422, 'rr': 8.424891059799837}
VALUE_GATE: {'trade_allowed': True, 'risk': 0.6936800000000005, 'reward': 4.252073520825789, 'rr': 6.129733480604581}
VALUE_GATE: {'trade_allowed': True, 'risk': 0.32996409532327675, 'reward': 0.8218579210405181, 'rr': 2.4907495472660948}
VALUE_GATE: {'trade_allowed': True, 'risk': 0.6273467495298064, 'reward': 1.4557429573814318, 'rr': 2.3204758109809362}
VALUE_GATE: {'trade_allowed': True, 'risk': 0.4322100997007823, 'reward': 0.8247353886679178, 'rr': 1.9081816672930123}
VALUE_GATE: {'trade_allowed': True, 'risk': 0.5185180789086274, 'reward': 0.8242551475986488, 'rr': 1.5896362752356374}
VALUE_GATE: {'trade_allowed': True, 'risk': 0.38106209517125933, 'reward': 0.9168696915921402, 'rr': 2.406089986935265}
VALUE_GATE: {'trade_allowed': True, 'risk': 0.6366803588665277, 'reward': 1.5262585266916204, 'rr': 2.3972131469687477}
VALUE_GATE: {'trade_allowed': True, 'risk': 0.27095750685890607, 'reward': 0.8432438301260277, 'rr': 3.1120888286188895}
VALUE_GATE: {'trade_allowed': True, 'risk': 0.24618513265386355, 'reward': 0.852590777223611, 'rr': 3.4632098536281397}
VALUE_GATE: {'trade_allowed': True, 'risk': 0.5433137579268816, 'reward': 1.2804676330109004, 'rr': 2.356773805796436}
VALUE_GATE: {'trade_allowed': True, 'risk': 0.49927145800934625, 'reward': 1.0464757397027142, 'rr': 2.0960055354959315}
VALUE_GATE: {'trade_allowed': True, 'risk': 0.44761884509622973, 'reward': 0.9874788102479499, 'rr': 2.2060706805935757}
VALUE_GATE: {'trade_allowed': True, 'risk': 0.5857662435786324, 'reward': 0.9318721403602268, 'rr': 1.5908600923588962}
VALUE_GATE: {'trade_allowed': True, 'risk': 0.4404152267760253, 'reward': 0.8833591953142417, 'rr': 2.005741721921611}
VALUE_GATE: {'trade_allowed': True, 'risk': 0.3087872131265499, 'reward': 0.9356201132530799, 'rr': 3.029983346070862}
VALUE_GATE: {'trade_allowed': True, 'risk': 0.5408422639593056, 'reward': 1.1230906725034941, 'rr': 2.0765586333467434}
VALUE_GATE: {'trade_allowed': True, 'risk': 0.41183619251793857, 'reward': 0.9752575636545799, 'rr': 2.3680715327419897}
VALUE_GATE: {'trade_allowed': True, 'risk': 0.6733367354849662, 'reward': 0.893308724668799, 'rr': 1.3266894223815064}
VALUE_GATE: {'trade_allowed': True, 'risk': 0.5855011462476085, 'reward': 1.2581785738259583, 'rr': 2.148891734695041}
VALUE_GATE: {'trade_allowed': True, 'risk': 0.21702912000000651, 'reward': 0.9628753450691647, 'rr': 4.43661820620724}
VALUE_GATE: {'trade_allowed': True, 'risk': 0.20948927999999967, 'reward': 0.8656207244149243, 'rr': 4.132052601521785}
VALUE_GATE: {'trade_allowed': True, 'risk': 0.25994397575207984, 'reward': 0.8665616515869061, 'rr': 3.333647756520369}
VALUE_GATE: {'trade_allowed': True, 'risk': 0.362681279704816, 'reward': 0.9662548475382948, 'rr': 2.664198296434609}
VALUE_GATE: {'trade_allowed': True, 'risk': 0.22874559601824274, 'reward': 0.9607939582985239, 'rr': 4.20027303267469}
VALUE_GATE: {'trade_allowed': True, 'risk': 0.36278144964757075, 'reward': 0.9514825475167754, 'rr': 2.6227431100490577}
VALUE_GATE: {'trade_allowed': True, 'risk': 0.21330847999999492, 'reward': 0.9771177899862806, 'rr': 4.580773300650326}
VALUE_GATE: {'trade_allowed': True, 'risk': 0.3111401411432979, 'reward': 0.8810161300387875, 'rr': 2.8315733444146924}
VALUE_GATE: {'trade_allowed': True, 'risk': 0.27445093479597915, 'reward': 0.972810256966568, 'rr': 3.544568932475067}
VALUE_GATE: {'trade_allowed': True, 'risk': 0.2646047308541313, 'reward': 0.9675727233041869, 'rr': 3.6566720488364246}
VALUE_GATE: {'trade_allowed': True, 'risk': 0.21794079999999383, 'reward': 0.9758439591080617, 'rr': 4.477564362010644}
VALUE_GATE: {'trade_allowed': True, 'risk': 0.21794079999999383, 'reward': 1.0105126133657905, 'rr': 4.636638084130273}
VALUE_GATE: {'trade_allowed': True, 'risk': 0.21606816000000606, 'reward': 0.9988413382595098, 'rr': 4.622806702567754}
VALUE_GATE: {'trade_allowed': True, 'risk': 0.21658560000000193, 'reward': 0.9694167340438611, 'rr': 4.475905757556608}
VALUE_GATE: {'trade_allowed': True, 'risk': 0.2150332800000001, 'reward': 1.0019795082053236, 'rr': 4.659648535358448}
VALUE_GATE: {'trade_allowed': True, 'risk': 0.3246580794191516, 'reward': 0.9333713022533487, 'rr': 2.8749363143010362}
VALUE_GATE: {'trade_allowed': True, 'risk': 0.2853555347543164, 'reward': 0.9623793613026663, 'rr': 3.3725624496165794}
VALUE_GATE: {'trade_allowed': True, 'risk': 0.799664000000007, 'reward': 1.0830163836571671, 'rr': 1.3543393020783199}
VALUE_GATE: {'trade_allowed': True, 'risk': 0.21673343999999872, 'reward': 0.9082995017142963, 'rr': 4.190859987800229}
VALUE_GATE: {'trade_allowed': True, 'risk': 0.38326993084983485, 'reward': 1.0076045309109674, 'rr': 2.6289683844406433}
VALUE_GATE: {'trade_allowed': True, 'risk': 0.2397707841775798, 'reward': 0.974882654248276, 'rr': 4.065894256433909}
VALUE_GATE: {'trade_allowed': True, 'risk': 0.21402304000000072, 'reward': 1.0010696026513841, 'rr': 4.6773917548848045}
VALUE_GATE: {'trade_allowed': True, 'risk': 0.5348933437690135, 'reward': 1.235505053466511, 'rr': 2.3098157190754782}
VALUE_GATE: {'trade_allowed': True, 'risk': 0.3067266371236883, 'reward': 0.8877499908758182, 'rr': 2.8942709351905123}
VALUE_GATE: {'trade_allowed': True, 'risk': 0.21444191999999873, 'reward': 0.9825499499931567, 'rr': 4.581893083186173}
VALUE_GATE: {'trade_allowed': True, 'risk': 0.42532584248925787, 'reward': 1.0084803717759598, 'rr': 2.3710771155444905}
VALUE_GATE: {'trade_allowed': True, 'risk': 0.42637475631597965, 'reward': 0.9657803099090643, 'rr': 2.265097301382776}
VALUE_GATE: {'trade_allowed': True, 'risk': 0.2158217599999972, 'reward': 0.9521666932622423, 'rr': 4.41181970373263}
VALUE_GATE: {'trade_allowed': True, 'risk': 0.39998130111077046, 'reward': 0.8717218080265923, 'rr': 2.179406401263689}
VALUE_GATE: {'trade_allowed': True, 'risk': 0.3675616794236021, 'reward': 0.8581256872529792, 'rr': 2.3346440483095603}
VALUE_GATE: {'trade_allowed': True, 'risk': 0.20567008000000442, 'reward': 0.8634848288267989, 'rr': 4.198397884742303}
VALUE_GATE: {'trade_allowed': True, 'risk': 0.2083312000000035, 'reward': 0.9168084252049056, 'rr': 4.400725504412638}
VALUE_GATE: {'trade_allowed': True, 'risk': 0.20640928000000258, 'reward': 0.861910949432442, 'rr': 4.175737396266443}
VALUE_GATE: {'trade_allowed': True, 'risk': 0.6264991502520019, 'reward': 1.2210364411683088, 'rr': 1.9489833955515523}
VALUE_GATE: {'trade_allowed': True, 'risk': 0.3844630792904269, 'reward': 0.9631359383009936, 'rr': 2.505145461765997}
VALUE_GATE: {'trade_allowed': True, 'risk': 0.5787839917395843, 'reward': 1.2026748934755744, 'rr': 2.077933928097827}
VALUE_GATE: {'trade_allowed': True, 'risk': 0.21562464000000148, 'reward': 0.9792517628003026, 'rr': 4.541465032940094}
VALUE_GATE: {'trade_allowed': True, 'risk': 0.5670524805127997, 'reward': 0.8877319941081652, 'rr': 1.565519990857578}
VALUE_GATE: {'trade_allowed': True, 'risk': 0.21466368000000102, 'reward': 0.8897003844772229, 'rr': 4.144624672777522}
VALUE_GATE: {'trade_allowed': True, 'risk': 0.21394911999999522, 'reward': 0.8898447349802154, 'rr': 4.159141832320859}
VALUE_GATE: {'trade_allowed': True, 'risk': 0.2128895999999969, 'reward': 0.9077592872023814, 'rr': 4.26399075954107}
VALUE_GATE: {'trade_allowed': True, 'risk': 0.23189737563484414, 'reward': 0.8731040116947355, 'rr': 3.7650448147786015}
VALUE_GATE: {'trade_allowed': True, 'risk': 0.20823264000000563, 'reward': 0.933600998160486, 'rr': 4.483451768946793}
VALUE_GATE: {'trade_allowed': True, 'risk': 0.20786304000000655, 'reward': 0.8736238846172171, 'rr': 4.202882266213318}
VALUE_GATE: {'trade_allowed': True, 'risk': 0.20756735999999876, 'reward': 0.9474989697070129, 'rr': 4.564778246960498}
VALUE_GATE: {'trade_allowed': True, 'risk': 0.20756735999999876, 'reward': 0.941165124708192, 'rr': 4.534263598612989}
VALUE_GATE: {'trade_allowed': True, 'risk': 0.5089236245623567, 'reward': 1.054724810097042, 'rr': 2.0724618767777603}
VALUE_GATE: {'trade_allowed': True, 'risk': 0.30848207387839466, 'reward': 0.8717421604806788, 'rr': 2.825908648501645}
VALUE_GATE: {'trade_allowed': True, 'risk': 0.20919360000000609, 'reward': 0.9414778902047942, 'rr': 4.500510007021089}
VALUE_GATE: {'trade_allowed': True, 'risk': 0.5941886869318722, 'reward': 0.848193095792368, 'rr': 1.4274810585372506}
VALUE_GATE: {'trade_allowed': True, 'risk': 0.20323071999999343, 'reward': 0.9352252855663892, 'rr': 4.601790937740216}
VALUE_GATE: {'trade_allowed': True, 'risk': 0.20557152000000656, 'reward': 0.8799418301413198, 'rr': 4.280465650792929}
VALUE_GATE: {'trade_allowed': True, 'risk': 0.5423245731967512, 'reward': 0.8429566997781706, 'rr': 1.5543398574203133}
VALUE_GATE: {'trade_allowed': True, 'risk': 0.4152018441397729, 'reward': 0.916675452709157, 'rr': 2.2077827101378884}
VALUE_GATE: {'trade_allowed': True, 'risk': 0.19363606234833242, 'reward': 0.8760106078162835, 'rr': 4.5240054832370316}
VALUE_GATE: {'trade_allowed': True, 'risk': 0.2145808892219634, 'reward': 0.8988098943646037, 'rr': 4.18867634309629}
VALUE_GATE: {'trade_allowed': True, 'risk': 0.45619716858337256, 'reward': 0.9023717436481036, 'rr': 1.9780301277411154}
VALUE_GATE: {'trade_allowed': True, 'risk': 0.1944588799999991, 'reward': 0.8059466795327523, 'rr': 4.1445609453924455}
VALUE_GATE: {'trade_allowed': True, 'risk': 0.2840314955963237, 'reward': 0.8701844187962848, 'rr': 3.063689880480804}
VALUE_GATE: {'trade_allowed': True, 'risk': 0.2262719605059118, 'reward': 0.8159049896056842, 'rr': 3.6058599031954164}
VALUE_GATE: {'trade_allowed': True, 'risk': 0.4051642156993296, 'reward': 0.8960266634417735, 'rr': 2.2115148098535697}
VALUE_GATE: {'trade_allowed': True, 'risk': 0.3381031211093557, 'reward': 0.9421550423989089, 'rr': 2.7865907871763755}
VALUE_GATE: {'trade_allowed': True, 'risk': 0.19849983999999665, 'reward': 0.8504247552992865, 'rr': 4.284259147510149}
VALUE_GATE: {'trade_allowed': True, 'risk': 0.1984012799999988, 'reward': 0.8843555228298214, 'rr': 4.457408353564185}
VALUE_GATE: {'trade_allowed': True, 'risk': 0.21719531795439195, 'reward': 0.9401905174790954, 'rr': 4.328778936553884}
VALUE_GATE: {'trade_allowed': True, 'risk': 0.2001014399999974, 'reward': 0.8308125476746113, 'rr': 4.151956865850751}
VALUE_GATE: {'trade_allowed': True, 'risk': 0.262275813514961, 'reward': 0.9367981573850699, 'rr': 3.5718053633322624}
VALUE_GATE: {'trade_allowed': True, 'risk': 0.28706288220304543, 'reward': 0.8634428441260411, 'rr': 3.0078526262246275}
VALUE_GATE: {'trade_allowed': True, 'risk': 0.7295600000000064, 'reward': 0.9293499233267823, 'rr': 1.2738498866807038}
VALUE_GATE: {'trade_allowed': True, 'risk': 0.384079635376267, 'reward': 0.8536724530767543, 'rr': 2.222644406128033}
VALUE_GATE: {'trade_allowed': True, 'risk': 0.47814660934126607, 'reward': 0.795987175739711, 'rr': 1.6647345399695046}
VALUE_GATE: {'trade_allowed': True, 'risk': 0.2875085877546155, 'reward': 0.8728002505076375, 'rr': 3.035736279476146}
VALUE_GATE: {'trade_allowed': True, 'risk': 0.19298048000000279, 'reward': 0.8393940332270091, 'rr': 4.349631803315014}
VALUE_GATE: {'trade_allowed': True, 'risk': 0.3924471459328771, 'reward': 0.8780767991852798, 'rr': 2.237439635592262}
VALUE_GATE: {'trade_allowed': True, 'risk': 0.19509951999999942, 'reward': 0.9282363120403403, 'rr': 4.75775805107231}
VALUE_GATE: {'trade_allowed': True, 'risk': 0.26587174602522623, 'reward': 0.8906761377433128, 'rr': 3.3500217719968046}
VALUE_GATE: {'trade_allowed': True, 'risk': 0.19638080000000002, 'reward': 0.8689155860640341, 'rr': 4.424646330313523}
VALUE_GATE: {'trade_allowed': True, 'risk': 0.2110145225736062, 'reward': 0.8162635935513549, 'rr': 3.8682815931146415}
VALUE_GATE: {'trade_allowed': True, 'risk': 0.6837725595337218, 'reward': 1.7099977731397473, 'rr': 2.5008283080353926}
VALUE_GATE: {'trade_allowed': True, 'risk': 0.7694879999999955, 'reward': 2.426261121255237, 'rr': 3.153085065985761}
VALUE_GATE: {'trade_allowed': True, 'risk': 0.20872543999999493, 'reward': 0.9361172152771218, 'rr': 4.484921508739637}
VALUE_GATE: {'trade_allowed': True, 'risk': 0.20793695999999784, 'reward': 0.9271669405205216, 'rr': 4.4588847529584505}
VALUE_GATE: {'trade_allowed': True, 'risk': 0.20936607999999524, 'reward': 0.8648993633795357, 'rr': 4.131038625643444}
VALUE_GATE: {'trade_allowed': True, 'risk': 0.21173152000000073, 'reward': 0.9383533003672397, 'rr': 4.431807320739192}
VALUE_GATE: {'trade_allowed': True, 'risk': 0.21422015999999644, 'reward': 0.9720203624223132, 'rr': 4.537483131477118}
VALUE_GATE: {'trade_allowed': True, 'risk': 0.3021604136218343, 'reward': 0.8828018386066105, 'rr': 2.92163300951617}
VALUE_GATE: {'trade_allowed': True, 'risk': 0.21242683153116104, 'reward': 0.9725037528038172, 'rr': 4.578064577784563}
VALUE_GATE: {'trade_allowed': True, 'risk': 0.21737407999999903, 'reward': 0.8963645959273947, 'rr': 4.123603862647279}
VALUE_GATE: {'trade_allowed': True, 'risk': 0.2173987200000056, 'reward': 0.9963779874833278, 'rr': 4.58318240090513}
VALUE_GATE: {'trade_allowed': True, 'risk': 0.27788909519692595, 'reward': 0.9898631523998205, 'rr': 3.562079871102371}
VALUE_GATE: {'trade_allowed': True, 'risk': 0.23161695973917062, 'reward': 1.0160365894122236, 'rr': 4.386710673330686}
VALUE_GATE: {'trade_allowed': True, 'risk': 0.30997508636420434, 'reward': 0.984536373299548, 'rr': 3.1761790434434136}
VALUE_GATE: {'trade_allowed': True, 'risk': 0.22171072000000436, 'reward': 0.915653316709367, 'rr': 4.1299460698578265}
VALUE_GATE: {'trade_allowed': True, 'risk': 0.22079904000000283, 'reward': 1.0104913509771194, 'rr': 4.576520581688699}
VALUE_GATE: {'trade_allowed': True, 'risk': 0.2198873600000013, 'reward': 0.9535141966937601, 'rr': 4.336375663856961}
VALUE_GATE: {'trade_allowed': True, 'risk': 0.6380302209848594, 'reward': 0.9046616822113833, 'rr': 1.4178978557080781}
VALUE_GATE: {'trade_allowed': True, 'risk': 0.28668856221331396, 'reward': 0.8918361429133057, 'rr': 3.11081870873427}
VALUE_GATE: {'trade_allowed': True, 'risk': 0.2985926141055728, 'reward': 0.891298395338552, 'rr': 2.984998132014804}
VALUE_GATE: {'trade_allowed': True, 'risk': 0.4616133221658174, 'reward': 0.9449077495902145, 'rr': 2.046968109925544}
VALUE_GATE: {'trade_allowed': True, 'risk': 0.2975757558100014, 'reward': 0.8875162571866042, 'rr': 2.9824884583449496}
VALUE_GATE: {'trade_allowed': True, 'risk': 0.2125446400000044, 'reward': 0.8743413079962039, 'rr': 4.1136831679038615}
VALUE_GATE: {'trade_allowed': True, 'risk': 0.21279103999999904, 'reward': 0.8845527878039974, 'rr': 4.156908053102242}
VALUE_GATE: {'trade_allowed': True, 'risk': 0.21163296000000287, 'reward': 0.9460474441411151, 'rr': 4.470227341436335}
VALUE_GATE: {'trade_allowed': True, 'risk': 0.48807550709631187, 'reward': 0.8829244449125326, 'rr': 1.8089915024937018}
VALUE_GATE: {'trade_allowed': True, 'risk': 0.20956320000000517, 'reward': 0.8640349865023609, 'rr': 4.1230282153657685}
VALUE_GATE: {'trade_allowed': True, 'risk': 0.21054879999999798, 'reward': 0.9468292863907237, 'rr': 4.496958835152387}
VALUE_GATE: {'trade_allowed': True, 'risk': 0.20916895999999952, 'reward': 0.9781267924756918, 'rr': 4.67625211922311}
VALUE_GATE: {'trade_allowed': True, 'risk': 0.23525155225351568, 'reward': 0.9341262274039934, 'rr': 3.970754787612814}
VALUE_GATE: {'trade_allowed': True, 'risk': 0.2346867811202742, 'reward': 0.8764123441088003, 'rr': 3.734391600265076}
VALUE_GATE: {'trade_allowed': True, 'risk': 0.21030240000000333, 'reward': 0.9252345280118845, 'rr': 4.399543362376606}
VALUE_GATE: {'trade_allowed': True, 'risk': 0.3032962942391606, 'reward': 0.9326038007298934, 'rr': 3.074893490108059}
VALUE_GATE: {'trade_allowed': True, 'risk': 0.7819999999999965, 'reward': 0.9970419585972081, 'rr': 1.274989716876231}
VALUE_GATE: {'trade_allowed': True, 'risk': 0.21028720205156048, 'reward': 0.9365186748494381, 'rr': 4.453521972391893}
VALUE_GATE: {'trade_allowed': True, 'risk': 0.3516658101614212, 'reward': 0.9151293524413262, 'rr': 2.602269899428849}
VALUE_GATE: {'trade_allowed': True, 'risk': 0.2180308731691838, 'reward': 0.9039390347787162, 'rr': 4.145922188172376}
VALUE_GATE: {'trade_allowed': True, 'risk': 0.356403879770383, 'reward': 0.9677259001973795, 'rr': 2.715250745364633}
VALUE_GATE: {'trade_allowed': True, 'risk': 0.2110416000000015, 'reward': 0.9345559011649129, 'rr': 4.428301819001118}
VALUE_GATE: {'trade_allowed': True, 'risk': 0.40977660792115955, 'reward': 1.0004120418310976, 'rr': 2.4413595663898304}
VALUE_GATE: {'trade_allowed': True, 'risk': 0.3733772361317875, 'reward': 1.0111330107222898, 'rr': 2.7080735322744727}
VALUE_GATE: {'trade_allowed': True, 'risk': 0.21264320000000225, 'reward': 0.8813116255416986, 'rr': 4.1445558830082}
VALUE_GATE: {'trade_allowed': True, 'risk': 0.23047648490849326, 'reward': 0.8775247312967593, 'rr': 3.8074371519730765}
VALUE_GATE: {'trade_allowed': True, 'risk': 0.21313600000000577, 'reward': 0.8817573964289949, 'rr': 4.137064580497762}
VALUE_GATE: {'trade_allowed': True, 'risk': 0.21269248000000118, 'reward': 0.8793041773916457, 'rr': 4.134157340173196}
VALUE_GATE: {'trade_allowed': True, 'risk': 0.20973567999999432, 'reward': 0.9485462004811467, 'rr': 4.522579088504028}
VALUE_GATE: {'trade_allowed': True, 'risk': 0.37321135080469503, 'reward': 0.9801118571738954, 'rr': 2.6261576853454196}
VALUE_GATE: {'trade_allowed': True, 'risk': 0.22330602267139454, 'reward': 0.9394465634938882, 'rr': 4.206991608445459}
VALUE_GATE: {'trade_allowed': True, 'risk': 0.5044324817839083, 'reward': 1.1445090019842183, 'rr': 2.268904250449339}
VALUE_GATE: {'trade_allowed': True, 'risk': 0.6184545376345341, 'reward': 1.1864478887654144, 'rr': 1.9184076056800266}
VALUE_GATE: {'trade_allowed': True, 'risk': 0.24069949673078384, 'reward': 0.9627166783357097, 'rr': 3.99966219876431}
VALUE_GATE: {'trade_allowed': True, 'risk': 0.2102531200000044, 'reward': 0.9720969269193063, 'rr': 4.623460174666069}
VALUE_GATE: {'trade_allowed': True, 'risk': 0.20971104000000196, 'reward': 0.9647703063501183, 'rr': 4.60047456895979}
VALUE_GATE: {'trade_allowed': True, 'risk': 0.20722240000000625, 'reward': 0.8524981803502527, 'rr': 4.113928708239201}
VALUE_GATE: {'trade_allowed': True, 'risk': 0.20411456278884543, 'reward': 0.9434485719708761, 'rr': 4.62215218297219}
VALUE_GATE: {'trade_allowed': True, 'risk': 0.2108198399999992, 'reward': 0.9275130708464872, 'rr': 4.39955305367128}
VALUE_GATE: {'trade_allowed': True, 'risk': 0.2081094400000012, 'reward': 0.8603858336135204, 'rr': 4.134295078654363}
VALUE_GATE: {'trade_allowed': True, 'risk': 0.22780360321802107, 'reward': 0.9153398885423485, 'rr': 4.018109791118255}
VALUE_GATE: {'trade_allowed': True, 'risk': 0.30199996916304883, 'reward': 0.8390726759800202, 'rr': 2.7783866280032883}
VALUE_GATE: {'trade_allowed': True, 'risk': 0.20278720000000305, 'reward': 0.8976217037962471, 'rr': 4.426421903336274}
VALUE_GATE: {'trade_allowed': True, 'risk': 0.27841058428650456, 'reward': 0.911505900871262, 'rr': 3.2739628172083313}
VALUE_GATE: {'trade_allowed': True, 'risk': 0.20291039999999327, 'reward': 0.8329795407685765, 'rr': 4.105159423906335}
VALUE_GATE: {'trade_allowed': True, 'risk': 0.2014073600000046, 'reward': 0.9146797656769223, 'rr': 4.541441612048843}
VALUE_GATE: {'trade_allowed': True, 'risk': 0.19914047999999696, 'reward': 0.8240939407600649, 'rr': 4.138254265331074}
VALUE_GATE: {'trade_allowed': True, 'risk': 0.2678436305550491, 'reward': 0.8797962422091246, 'rr': 3.2847383392538902}
VALUE_GATE: {'trade_allowed': True, 'risk': 0.3109738611162669, 'reward': 0.8632659723364213, 'rr': 2.7760081482014445}
VALUE_GATE: {'trade_allowed': True, 'risk': 0.4313706670257176, 'reward': 0.9096112546985609, 'rr': 2.108653471897595}
VALUE_GATE: {'trade_allowed': True, 'risk': 0.2446894348024813, 'reward': 0.8338644413822323, 'rr': 3.4078481649824646}
VALUE_GATE: {'trade_allowed': True, 'risk': 0.2018262400000026, 'reward': 0.8344503822790443, 'rr': 4.134498974360487}
VALUE_GATE: {'trade_allowed': True, 'risk': 0.3590389284426152, 'reward': 0.9463643707575216, 'rr': 2.6358266354640647}
VALUE_GATE: {'trade_allowed': True, 'risk': 0.20571936000000335, 'reward': 0.9188663466787688, 'rr': 4.466601231302459}
VALUE_GATE: {'trade_allowed': True, 'risk': 0.2953352249423915, 'reward': 0.952072751853791, 'rr': 3.22370198827283}
VALUE_GATE: {'trade_allowed': True, 'risk': 0.2084543999999937, 'reward': 0.9546926315556874, 'rr': 4.579863181375477}
VALUE_GATE: {'trade_allowed': True, 'risk': 0.20650784000000044, 'reward': 0.855876308979802, 'rr': 4.14452211102397}
VALUE_GATE: {'trade_allowed': True, 'risk': 0.2066063999999983, 'reward': 0.9441197788956117, 'rr': 4.569654080878518}
VALUE_GATE: {'trade_allowed': True, 'risk': 0.262703185295976, 'reward': 0.8979408908609656, 'rr': 3.418081474152266}
VALUE_GATE: {'trade_allowed': True, 'risk': 0.44002574295443253, 'reward': 0.9176984128221761, 'rr': 2.085556191918548}
VALUE_GATE: {'trade_allowed': True, 'risk': 0.6040732693878113, 'reward': 1.197050133659559, 'rr': 1.9816306966747443}
VALUE_GATE: {'trade_allowed': True, 'risk': 0.2143414025989614, 'reward': 0.9181291320260954, 'rr': 4.283489428050165}
VALUE_GATE: {'trade_allowed': True, 'risk': 0.2393637988801487, 'reward': 0.8566235429851901, 'rr': 3.5787514527796582}
VALUE_GATE: {'trade_allowed': True, 'risk': 0.20899647999999615, 'reward': 0.8664985894534993, 'rr': 4.145996092630437}
VALUE_GATE: {'trade_allowed': True, 'risk': 0.20734559999999647, 'reward': 0.9492922847037022, 'rr': 4.578309280272735}
VALUE_GATE: {'trade_allowed': True, 'risk': 0.20916895999999952, 'reward': 0.8728963717123577, 'rr': 4.1731639900698445}
VALUE_GATE: {'trade_allowed': True, 'risk': 0.20776175709788447, 'reward': 0.9499968182501419, 'rr': 4.572529764477118}
VALUE_GATE: {'trade_allowed': True, 'risk': 0.21027775999999676, 'reward': 0.9482419747707098, 'rr': 4.509473444888915}
VALUE_GATE: {'trade_allowed': True, 'risk': 0.24776046233016302, 'reward': 0.878300170504744, 'rr': 3.544956940443267}
VALUE_GATE: {'trade_allowed': True, 'risk': 0.2123228800000021, 'reward': 0.8810173847822398, 'rr': 4.149422731936525}
VALUE_GATE: {'trade_allowed': True, 'risk': 0.23077374616866564, 'reward': 0.9769932665625021, 'rr': 4.233554651612956}
VALUE_GATE: {'trade_allowed': True, 'risk': 0.5200179143871964, 'reward': 0.8737608002750648, 'rr': 1.6802513453882235}
VALUE_GATE: {'trade_allowed': True, 'risk': 0.20798623999999677, 'reward': 0.8695196095554962, 'rr': 4.180659304940123}
VALUE_GATE: {'trade_allowed': True, 'risk': 0.2051930736005545, 'reward': 0.9876900237167803, 'rr': 4.813466684745402}
VALUE_GATE: {'trade_allowed': True, 'risk': 0.20498016000000518, 'reward': 0.9167302631627905, 'rr': 4.472287772449623}
VALUE_GATE: {'trade_allowed': True, 'risk': 0.20559615999999892, 'reward': 0.859080291210276, 'rr': 4.178484127380008}
VALUE_GATE: {'trade_allowed': True, 'risk': 0.28316868279684115, 'reward': 0.8415510675993403, 'rr': 2.9719072719743855}
VALUE_GATE: {'trade_allowed': True, 'risk': 0.623089704754392, 'reward': 0.8127669234889652, 'rr': 1.304413982910117}
VALUE_GATE: {'trade_allowed': True, 'risk': 0.197129335407638, 'reward': 0.8928087476839295, 'rr': 4.529050665329523}
VALUE_GATE: {'trade_allowed': True, 'risk': 0.19137888000000203, 'reward': 0.8362837002561037, 'rr': 4.3697805121238815}
VALUE_GATE: {'trade_allowed': True, 'risk': 0.1925369599999982, 'reward': 0.8880560313432824, 'rr': 4.612392505539147}
VALUE_GATE: {'trade_allowed': True, 'risk': 0.26343903401063073, 'reward': 0.8945494107340295, 'rr': 3.39566007783771}
VALUE_GATE: {'trade_allowed': True, 'risk': 0.47533311315179105, 'reward': 0.8910671685440548, 'rr': 1.8746162299437885}
VALUE_GATE: {'trade_allowed': True, 'risk': 0.19884480000000337, 'reward': 0.8765784254431281, 'rr': 4.408354784450553}
VALUE_GATE: {'trade_allowed': True, 'risk': 0.2643717222195505, 'reward': 0.9350612080665854, 'rr': 3.5369183973846234}
VALUE_GATE: {'trade_allowed': True, 'risk': 0.6135177930638207, 'reward': 0.814636896115772, 'rr': 1.327812991449834}
VALUE_GATE: {'trade_allowed': True, 'risk': 0.26881837212448545, 'reward': 0.8169103235812827, 'rr': 3.038893201849257}
VALUE_GATE: {'trade_allowed': True, 'risk': 0.5397832351276008, 'reward': 0.808378803081311, 'rr': 1.497598944306257}
VALUE_GATE: {'trade_allowed': True, 'risk': 0.35065964288735074, 'reward': 0.888070061934755, 'rr': 2.5325699148676972}
VALUE_GATE: {'trade_allowed': True, 'risk': 0.192832640000006, 'reward': 0.8040321567011688, 'rr': 4.16958538088336}
VALUE_GATE: {'trade_allowed': True, 'risk': 0.1917484800000011, 'reward': 0.7907765020983959, 'rr': 4.1240300945196084}
VALUE_GATE: {'trade_allowed': True, 'risk': 0.19187168000000554, 'reward': 0.8504294304271411, 'rr': 4.432282192072934}
VALUE_GATE: {'trade_allowed': True, 'risk': 0.1896047999999979, 'reward': 0.7883903416479825, 'rr': 4.1580716397896635}
VALUE_GATE: {'trade_allowed': True, 'risk': 0.18938303999999562, 'reward': 0.8364105666771451, 'rr': 4.416501956443219}
VALUE_GATE: {'trade_allowed': True, 'risk': 0.2078974336044439, 'reward': 0.7749368566651071, 'rr': 3.7274960216177604}
VALUE_GATE: {'trade_allowed': True, 'risk': 0.29685401068948636, 'reward': 0.7823023665360154, 'rr': 2.6353100795876228}
VALUE_GATE: {'trade_allowed': True, 'risk': 0.2351991532076454, 'reward': 0.7869016146204046, 'rr': 3.3456821756738604}
VALUE_GATE: {'trade_allowed': True, 'risk': 0.28529950457867415, 'reward': 0.7804795449304436, 'rr': 2.7356498430764664}
VALUE_GATE: {'trade_allowed': True, 'risk': 0.2333192078233992, 'reward': 0.8773971842129242, 'rr': 3.760501299477374}
VALUE_GATE: {'trade_allowed': True, 'risk': 0.19258623999999713, 'reward': 0.8021010908008464, 'rr': 4.164893041168768}
VALUE_GATE: {'trade_allowed': True, 'risk': 0.19322687999999744, 'reward': 0.8757277423822245, 'rr': 4.53212173369583}
VALUE_GATE: {'trade_allowed': True, 'risk': 0.19527200000000278, 'reward': 0.9171393671129238, 'rr': 4.69672747302691}
VALUE_GATE: {'trade_allowed': True, 'risk': 0.1925647270211357, 'reward': 0.8826344296231667, 'rr': 4.583572720077077}
VALUE_GATE: {'trade_allowed': True, 'risk': 0.3851326337571237, 'reward': 0.924123446765563, 'rr': 2.399494007428992}
VALUE_GATE: {'trade_allowed': True, 'risk': 0.20146526064854697, 'reward': 0.903511655210167, 'rr': 4.484701989323753}
VALUE_GATE: {'trade_allowed': True, 'risk': 0.20357568000000015, 'reward': 0.894296303503566, 'rr': 4.39294273021004}
VALUE_GATE: {'trade_allowed': True, 'risk': 0.20387135999999373, 'reward': 0.8925863333535347, 'rr': 4.378184034057369}
VALUE_GATE: {'trade_allowed': True, 'risk': 0.28162537860991677, 'reward': 0.9071989044038418, 'rr': 3.2212967058640536}
VALUE_GATE: {'trade_allowed': True, 'risk': 0.20685279999999295, 'reward': 0.9203636860295461, 'rr': 4.449365374940911}
VALUE_GATE: {'trade_allowed': True, 'risk': 0.4960908097491057, 'reward': 0.9731306985233914, 'rr': 1.9615979159451575}
VALUE_GATE: {'trade_allowed': True, 'risk': 0.4188410972052026, 'reward': 0.9869652061887138, 'rr': 2.3564192071275434}
VALUE_GATE: {'trade_allowed': True, 'risk': 0.6148892183721557, 'reward': 0.920873550943611, 'rr': 1.4976251386900417}
VALUE_GATE: {'trade_allowed': True, 'risk': 0.6166947352285774, 'reward': 1.195965485397707, 'rr': 1.9393152188244698}
VALUE_GATE: {'trade_allowed': True, 'risk': 0.2196902400000056, 'reward': 0.9981439591604442, 'rr': 4.54341512467927}
VALUE_GATE: {'trade_allowed': True, 'risk': 0.21609169361423142, 'reward': 0.9059511878883484, 'rr': 4.192438740869233}
VALUE_GATE: {'trade_allowed': True, 'risk': 0.6230587615331018, 'reward': 0.9013469907755507, 'rr': 1.4466484486273676}
VALUE_GATE: {'trade_allowed': True, 'risk': 0.2157478400000059, 'reward': 0.9333563162789886, 'rr': 4.3261444299000305}
VALUE_GATE: {'trade_allowed': True, 'risk': 0.6851307341275259, 'reward': 0.8841662702816677, 'rr': 1.2905073823722155}
VALUE_GATE: {'trade_allowed': True, 'risk': 0.31758661396139587, 'reward': 0.9473360396202395, 'rr': 2.9829218171499905}
VALUE_GATE: {'trade_allowed': True, 'risk': 0.7581946581369863, 'reward': 1.6615200826092433, 'rr': 2.191416234310964}
VALUE_GATE: {'trade_allowed': True, 'risk': 0.20963711999999646, 'reward': 0.9201483896742246, 'rr': 4.389243611409278}
VALUE_GATE: {'trade_allowed': True, 'risk': 0.4257079465025555, 'reward': 0.9469785500963894, 'rr': 2.2244793828172167}
VALUE_GATE: {'trade_allowed': True, 'risk': 0.21536308339709365, 'reward': 0.996745235240823, 'rr': 4.628208416773969}
VALUE_GATE: {'trade_allowed': True, 'risk': 0.21249536000000546, 'reward': 0.9586009696971871, 'rr': 4.511161889356843}
VALUE_GATE: {'trade_allowed': True, 'risk': 0.21192863999999645, 'reward': 0.9331951149893598, 'rr': 4.403345932807267}
VALUE_GATE: {'trade_allowed': True, 'risk': 0.21187935999999752, 'reward': 0.9551719544851238, 'rr': 4.508093447540785}
VALUE_GATE: {'trade_allowed': True, 'risk': 0.23173450226657621, 'reward': 0.9605447233842739, 'rr': 4.145022489052189}
VALUE_GATE: {'trade_allowed': True, 'risk': 0.2302315677079605, 'reward': 1.0104563974388583, 'rr': 4.38886989954645}
VALUE_GATE: {'trade_allowed': True, 'risk': 0.5807545938727259, 'reward': 0.8689451716213625, 'rr': 1.496234693258052}
VALUE_GATE: {'trade_allowed': True, 'risk': 0.35355289145364566, 'reward': 0.9628508933051592, 'rr': 2.7233574284921342}
VALUE_GATE: {'trade_allowed': True, 'risk': 0.20569048936673084, 'reward': 0.9182785293168791, 'rr': 4.464370385543965}
VALUE_GATE: {'trade_allowed': True, 'risk': 0.3594515838712482, 'reward': 0.8326900645119366, 'rr': 2.316556949183447}
VALUE_GATE: {'trade_allowed': True, 'risk': 0.20081600000000321, 'reward': 0.8885147470590766, 'rr': 4.424521686813114}
VALUE_GATE: {'trade_allowed': True, 'risk': 0.1996392791886592, 'reward': 0.9145919587387681, 'rr': 4.581222505188863}
VALUE_GATE: {'trade_allowed': True, 'risk': 0.20116095999999573, 'reward': 0.8874375747916474, 'rr': 4.411579537061597}
VALUE_GATE: {'trade_allowed': True, 'risk': 0.20130880000000673, 'reward': 0.8719871476314722, 'rr': 4.331589814411705}
VALUE_GATE: {'trade_allowed': True, 'risk': 0.20096384, 'reward': 0.9281787707777909, 'rr': 4.618635724604938}
VALUE_GATE: {'trade_allowed': True, 'risk': 0.7259719999999987, 'reward': 0.9952017347826541, 'rr': 1.3708541579877127}
VALUE_GATE: {'trade_allowed': True, 'risk': 0.5987316640945579, 'reward': 0.8168295876854472, 'rr': 1.3642665599132986}
VALUE_GATE: {'trade_allowed': True, 'risk': 0.5171302006880865, 'reward': 1.0779708347523353, 'rr': 2.0845250061164515}
VALUE_GATE: {'trade_allowed': True, 'risk': 0.22281181825556473, 'reward': 0.7976344235405861, 'rr': 3.57985689352304}
VALUE_GATE: {'trade_allowed': True, 'risk': 0.39143801423047364, 'reward': 0.8115920313294538, 'rr': 2.0733602813844207}
VALUE_GATE: {'trade_allowed': True, 'risk': 0.195395199999993, 'reward': 0.86293068439781, 'rr': 4.416335121834318}
VALUE_GATE: {'trade_allowed': True, 'risk': 0.19463136000000247, 'reward': 0.8554122600885847, 'rr': 4.395038189573222}
VALUE_GATE: {'trade_allowed': True, 'risk': 0.24656671498219396, 'reward': 0.8932574759786291, 'rr': 3.6227820776341875}
VALUE_GATE: {'trade_allowed': True, 'risk': 0.22184189701508217, 'reward': 0.9315822253521162, 'rr': 4.199306974411518}
VALUE_GATE: {'trade_allowed': True, 'risk': 0.3784055273942073, 'reward': 0.9145949448566597, 'rr': 2.416970362866482}
VALUE_GATE: {'trade_allowed': True, 'risk': 0.3411093480101499, 'reward': 0.8355190571081295, 'rr': 2.4494170622473472}
VALUE_GATE: {'trade_allowed': True, 'risk': 0.7684760000000068, 'reward': 1.5649563960610067, 'rr': 2.036441471250882}
VALUE_GATE: {'trade_allowed': True, 'risk': 0.32663096089595456, 'reward': 0.9567370246106179, 'rr': 2.929106971324063}
